"rID","rot","pre","tmn","tmx","tmp","hfp"
1,1,523.468322753906,69.7619476318359,183.704071044922,126.720252990723,27.6461181640625
2,1,524.626586914062,81.5418701171875,192.55827331543,137.087005615234,25.7421684265137
3,1,524.626586914062,81.5418701171875,192.55827331543,137.087005615234,25.7421684265137
4,1,529.308654785156,37.2476425170898,136.76383972168,87.0127716064453,20.2085704803467
5,1,527.971008300781,79.1364593505859,187.584503173828,133.450302124023,23.9437217712402
6,1,540.871276855469,75.3490447998047,185.370590209961,130.459808349609,24.8711433410645
7,1,547.189514160156,70.7617416381836,181.518753051758,126.178077697754,19.7557334899902
8,1,540.03076171875,80.4415283203125,197.836441040039,139.165878295898,34.3519287109375
9,1,549.928283691406,80.5322723388672,199.10383605957,139.850936889648,33.8092269897461
10,1,541.20849609375,61.1032829284668,174.078674316406,117.655067443848,20.728889465332
11,1,535.311889648438,79.8144378662109,191.685150146484,135.78840637207,29.3120307922363
12,1,535.311889648438,79.8144378662109,191.685150146484,135.78840637207,29.3120307922363
13,1,535.311889648438,79.8144378662109,191.685150146484,135.78840637207,29.3120307922363
14,1,520.699157714844,100.340522766113,209.214874267578,154.728332519531,35.5362892150879
15,1,535.311889648438,79.8144378662109,191.685150146484,135.78840637207,29.3120307922363
16,1,534.9423828125,81.0764465332031,195.770858764648,138.492767333984,29.8820514678955
17,1,535.311889648438,79.8144378662109,191.685150146484,135.78840637207,29.3120307922363
18,1,535.311889648438,79.8144378662109,191.685150146484,135.78840637207,29.3120307922363
19,1,534.9423828125,81.0764465332031,195.770858764648,138.492767333984,29.8820514678955
20,1,534.9423828125,81.0764465332031,195.770858764648,138.492767333984,29.8820514678955
21,1,535.311889648438,79.8144378662109,191.685150146484,135.78840637207,29.3120307922363
22,1,535.311889648438,79.8144378662109,191.685150146484,135.78840637207,29.3120307922363
23,1,482.563537597656,25.0533771514893,125.978851318359,75.5066299438477,24.0443153381348
24,1,535.311889648438,79.8144378662109,191.685150146484,135.78840637207,29.3120307922363
25,1,535.311889648438,79.8144378662109,191.685150146484,135.78840637207,29.3120307922363
26,1,535.311889648438,79.8144378662109,191.685150146484,135.78840637207,29.3120307922363
27,1,535.311889648438,79.8144378662109,191.685150146484,135.78840637207,29.3120307922363
28,1,535.311889648438,79.8144378662109,191.685150146484,135.78840637207,29.3120307922363
29,1,535.311889648438,79.8144378662109,191.685150146484,135.78840637207,29.3120307922363
30,1,535.311889648438,79.8144378662109,191.685150146484,135.78840637207,29.3120307922363
31,1,535.311889648438,79.8144378662109,191.685150146484,135.78840637207,29.3120307922363
32,1,535.311889648438,79.8144378662109,191.685150146484,135.78840637207,29.3120307922363
33,1,523.468322753906,69.7619476318359,183.704071044922,126.720252990723,27.6461181640625
34,1,523.468322753906,69.7619476318359,183.704071044922,126.720252990723,27.6461181640625
35,1,523.468322753906,69.7619476318359,183.704071044922,126.720252990723,27.6461181640625
36,1,523.468322753906,69.7619476318359,183.704071044922,126.720252990723,27.6461181640625
37,1,524.76318359375,61.8620338439941,171.43782043457,116.62133026123,17.9381866455078
38,1,524.76318359375,61.8620338439941,171.43782043457,116.62133026123,17.9381866455078
39,1,523.468322753906,69.7619476318359,183.704071044922,126.720252990723,27.6461181640625
40,1,523.468322753906,69.7619476318359,183.704071044922,126.720252990723,27.6461181640625
41,1,523.468322753906,69.7619476318359,183.704071044922,126.720252990723,27.6461181640625
42,1,524.76318359375,61.8620338439941,171.43782043457,116.62133026123,17.9381866455078
43,1,523.468322753906,69.7619476318359,183.704071044922,126.720252990723,27.6461181640625
44,1,523.468322753906,69.7619476318359,183.704071044922,126.720252990723,27.6461181640625
45,1,523.468322753906,69.7619476318359,183.704071044922,126.720252990723,27.6461181640625
46,1,523.468322753906,69.7619476318359,183.704071044922,126.720252990723,27.6461181640625
47,1,523.468322753906,69.7619476318359,183.704071044922,126.720252990723,27.6461181640625
48,1,523.468322753906,69.7619476318359,183.704071044922,126.720252990723,27.6461181640625
49,1,523.468322753906,69.7619476318359,183.704071044922,126.720252990723,27.6461181640625
50,1,512.400451660156,57.4327659606934,167.14582824707,112.276496887207,20.4830074310303
51,1,512.400451660156,57.4327659606934,167.14582824707,112.276496887207,20.4830074310303
52,1,512.400451660156,57.4327659606934,167.14582824707,112.276496887207,20.4830074310303
53,1,512.400451660156,57.4327659606934,167.14582824707,112.276496887207,20.4830074310303
54,1,512.400451660156,57.4327659606934,167.14582824707,112.276496887207,20.4830074310303
55,1,512.400451660156,57.4327659606934,167.14582824707,112.276496887207,20.4830074310303
56,1,512.400451660156,57.4327659606934,167.14582824707,112.276496887207,20.4830074310303
57,1,512.400451660156,57.4327659606934,167.14582824707,112.276496887207,20.4830074310303
58,1,474.407806396484,73.4863433837891,198.110748291016,135.767730712891,23.2514305114746
59,1,502.743957519531,48.3662109375,155.333023071289,101.830574035645,19.148344039917
60,1,474.407806396484,73.4863433837891,198.110748291016,135.767730712891,23.2514305114746
61,1,474.407806396484,73.4863433837891,198.110748291016,135.767730712891,23.2514305114746
62,1,471.996673583984,75.9779510498047,197.972061157227,136.977127075195,21.083797454834
63,1,474.407806396484,73.4863433837891,198.110748291016,135.767730712891,23.2514305114746
64,1,474.407806396484,73.4863433837891,198.110748291016,135.767730712891,23.2514305114746
65,1,474.407806396484,73.4863433837891,198.110748291016,135.767730712891,23.2514305114746
66,1,474.407806396484,73.4863433837891,198.110748291016,135.767730712891,23.2514305114746
67,1,474.407806396484,73.4863433837891,198.110748291016,135.767730712891,23.2514305114746
68,1,474.407806396484,73.4863433837891,198.110748291016,135.767730712891,23.2514305114746
69,1,474.407806396484,73.4863433837891,198.110748291016,135.767730712891,23.2514305114746
70,1,474.407806396484,73.4863433837891,198.110748291016,135.767730712891,23.2514305114746
71,1,474.407806396484,73.4863433837891,198.110748291016,135.767730712891,23.2514305114746
72,1,474.407806396484,73.4863433837891,198.110748291016,135.767730712891,23.2514305114746
73,1,474.407806396484,73.4863433837891,198.110748291016,135.767730712891,23.2514305114746
74,1,428.149597167969,21.0947971343994,122.659111022949,71.877067565918,20.0165920257568
75,1,428.149597167969,21.0947971343994,122.659111022949,71.877067565918,20.0165920257568
76,1,475.9013671875,71.1094589233398,195.4873046875,133.275421142578,24.8462867736816
77,1,695.548706054688,92.8005828857422,176.285614013672,134.550430297852,30.1061134338379
78,1,465.397369384766,38.5596580505371,146.073974609375,92.3101959228516,10.7761402130127
79,1,469.515014648438,45.8978157043457,162.982040405273,104.424621582031,14.9867401123047
80,0,456.829559326172,-65.5193023681641,63.4184875488281,-1.03563296794891,2.69419288635254
81,0,869.487243652344,139.094314575195,224.839004516602,181.968399047852,11.9121389389038
82,0,188.598373413086,-59.8926963806152,78.9656677246094,9.48104190826416,6.79746961593628
83,0,464.650512695312,-17.573881149292,82.0386276245117,32.1896095275879,13.0906038284302
84,0,31.1571006774902,55.272762298584,224.981842041016,140.099349975586,0
85,0,1402.82495117188,207.641494750977,277.425109863281,242.581588745117,15.3780298233032
86,0,149.853591918945,6.43308067321777,123.851524353027,65.1373596191406,3.27070593833923
87,0,380.168518066406,-87.861328125,56.3787574768066,-15.7631931304932,2.78454065322876
88,0,500.597503662109,-78.6771621704102,49.9288940429688,-14.4013814926147,9.18728637695312
89,0,457.901580810547,83.4755554199219,198.195999145508,140.712799072266,31.7555961608887
90,0,236.57243347168,-107.767700195312,25.9368591308594,-40.9669075012207,2.0585343837738
91,0,34.0882415771484,16.9491291046143,185.218627929688,101.056762695312,2.31356906890869
92,0,1398.17919921875,153.989151000977,235.28857421875,194.60905456543,15.4440269470215
93,0,417.859313964844,-79.2966461181641,58.5425033569336,-10.4634656906128,1.71119487285614
94,0,541.673461914062,-100.581329345703,-0.926865458488464,-50.7255210876465,5.34964466094971
95,0,525.053894042969,-105.750595092773,41.7390747070312,-32.0115623474121,5.85408353805542
96,0,41.4327659606934,-140.564239501953,-6.5626015663147,-73.5934524536133,0.605973839759827
97,0,124.842742919922,-130.425033569336,4.68062973022461,-62.8962173461914,0.0271517932415009
98,0,282.839019775391,-29.4349727630615,83.4011001586914,27.0336952209473,6.59013557434082
99,0,32.7952270507812,12.8653659820557,183.530395507812,98.2678604125977,11.5376815795898
100,0,149.833465576172,15.7231025695801,138.024368286133,76.9156723022461,9.34873676300049
101,0,390.951110839844,28.4580974578857,151.181991577148,89.7941589355469,17.4860610961914
102,0,167.37922668457,-4.76454305648804,119.849014282227,57.5003128051758,9.48280620574951
103,0,1782.55224609375,134.4287109375,244.620269775391,189.515045166016,5.92853021621704
104,0,426.518463134766,-18.8200149536133,89.8308792114258,35.4689025878906,25.1538372039795
105,0,522.276184082031,-74.3741226196289,45.4407653808594,-14.4712562561035,7.58133602142334
106,0,917.029907226562,133.873443603516,192.614181518555,163.169204711914,8.80757236480713
107,0,347.547882080078,-86.6340942382812,56.7093048095703,-15.0433673858643,6.37847661972046
108,0,564.209533691406,-26.5474548339844,92.9492950439453,33.2168617248535,6.5393238067627
109,0,604.662414550781,103.319763183594,199.118606567383,151.133209228516,19.2930374145508
110,0,122.507827758789,40.9162979125977,140.02995300293,90.4792861938477,8.9932165145874
111,0,919.63818359375,137.321823120117,215.475875854492,176.392242431641,14.1909036636353
112,0,479.396850585938,81.1412963867188,192.421997070312,136.792770385742,27.006404876709
113,0,33.8603439331055,61.1657867431641,210.851669311523,136.01335144043,14.3087043762207
114,0,55.1495246887207,46.4207916259766,176.936447143555,111.645393371582,1.17859601974487
115,0,513.200561523438,-112.434638977051,15.4935111999512,-48.4952621459961,7.37394380569458
116,0,609.789489746094,55.466724395752,148.799758911133,102.139854431152,9.08452033996582
117,0,483.279754638672,48.0434150695801,159.29866027832,103.670166015625,17.9365634918213
118,0,92.2046203613281,42.9888343811035,208.417205810547,125.653930664062,4.35606288909912
119,0,410.526702880859,-123.650550842285,33.3371429443359,-45.1918716430664,0.278705775737762
120,0,219.315017700195,-73.4339141845703,68.1027374267578,-2.6671257019043,8.32105255126953
121,0,30.1748046875,54.8285140991211,224.348114013672,139.5595703125,0
122,0,502.223205566406,-80.3880386352539,36.0741767883301,-22.1979904174805,7.87809324264526
123,0,50.4359970092773,26.7986488342285,159.244049072266,92.998291015625,1.33663499355316
124,0,1221.005859375,115.611793518066,206.266967773438,160.984741210938,10.7924299240112
125,0,193.84538269043,13.6828680038452,150.203491210938,81.9222106933594,3.74215173721313
126,0,205.144729614258,-121.279159545898,23.96901512146,-48.6694374084473,0.119966693222523
127,0,1306.06604003906,120.728988647461,195.591018676758,158.167785644531,13.7180147171021
128,0,304.675903320312,-117.516128540039,6.11619138717651,-55.6620330810547,5.287917137146
129,0,31.1724376678467,25.6459407806396,179.266204833984,102.414749145508,2.5398805141449
130,0,531.555114746094,-83.3997497558594,41.7646598815918,-20.8459777832031,9.47397994995117
131,0,1151.77502441406,128.08723449707,207.85075378418,168.013519287109,17.4585704803467
132,0,1175.73754882812,143.581909179688,231.828002929688,187.702590942383,16.9957427978516
133,0,239.79167175293,-66.8154678344727,74.5481262207031,3.88955664634705,3.70268321037292
134,0,314.609924316406,-112.340843200684,-23.7161254882812,-68.0076599121094,0.569941282272339
135,0,1283.80053710938,151.363388061523,243.721084594727,197.534255981445,11.968355178833
136,0,187.321105957031,-134.720443725586,-9.70521354675293,-72.2051696777344,0.0467851869761944
137,0,211.054580688477,3.92056655883789,115.25634765625,59.5785102844238,5.87009572982788
138,0,272.716339111328,-6.85109901428223,124.070297241211,58.5793571472168,14.7794256210327
139,0,220.825653076172,-12.179970741272,104.777458190918,46.3087196350098,6.49777841567993
140,0,374.322204589844,-15.3914623260498,92.3098526000977,38.41943359375,15.6374731063843
141,0,203.906921386719,-126.74503326416,4.05771684646606,-61.3488540649414,0.173538148403168
142,0,999.523742675781,113.411338806152,185.335388183594,149.475982666016,8.31804180145264
143,0,133.010620117188,-63.0647964477539,47.8106346130371,-7.66182374954224,5.46439409255981
144,0,415.329040527344,-87.8569869995117,50.6275672912598,-18.5840110778809,4.28133869171143
145,0,488.630157470703,-21.5679035186768,91.870491027832,35.1777572631836,11.5956573486328
146,0,158.374984741211,20.9573822021484,136.087387084961,78.5281829833984,8.65110206604004
147,0,610.385131835938,79.2216567993164,167.331420898438,123.276870727539,22.0150871276855
148,0,1349.33251953125,139.856887817383,225.188461303711,182.505477905273,12.8737964630127
149,0,531.217468261719,38.576587677002,138.465972900391,88.454704284668,11.2489051818848
150,0,414.405792236328,-54.0553131103516,62.7392158508301,4.33658409118652,12.4633865356445
151,0,42.53125,-140.582763671875,4.04773378372192,-68.3004302978516,0.101653411984444
152,0,363.388519287109,1.25174403190613,110.345314025879,55.8656425476074,16.8540477752686
153,0,298.721099853516,-1.08022129535675,127.221008300781,63.0658569335938,12.5310754776001
154,0,295.506195068359,-68.875373840332,30.7192211151123,-19.092456817627,3.82400703430176
155,0,48.8073501586914,-134.768920898438,1.94745564460754,-66.4538879394531,0.464101940393448
156,0,507.597320556641,86.0878601074219,201.818756103516,143.935180664062,22.6922073364258
157,0,26.0741443634033,40.0461387634277,212.51594543457,126.279563903809,0
158,0,35.4134902954102,43.1539421081543,219.038436889648,131.044052124023,0.203466907143593
159,0,709.3037109375,126.187850952148,215.289566040039,170.705093383789,12.1517782211304
160,0,283.48193359375,2.51773810386658,130.400695800781,66.4340896606445,13.8137903213501
161,0,291.848999023438,-62.6199226379395,77.3402633666992,7.41482830047607,2.59335970878601
162,0,253.307037353516,-56.6789627075195,49.9549293518066,-3.38916015625,6.71133899688721
163,0,579.723266601562,-55.0595741271973,66.3148193359375,5.65382432937622,7.60553121566772
164,0,728.303771972656,89.9532241821289,189.296157836914,139.588607788086,27.899694442749
165,0,48.0640182495117,-74.3813629150391,60.5716209411621,-6.87976741790771,0.777662217617035
166,0,643.536254882812,-24.0918941497803,100.147102355957,38.020866394043,9.66946411132812
167,0,347.731994628906,-53.0113983154297,52.0463714599609,-0.501309871673584,4.8593168258667
168,0,143.211975097656,-17.8624820709229,107.790184020996,44.9258499145508,5.9427342414856
169,0,205.930603027344,-97.3874588012695,34.2848739624023,-31.5762271881104,1.49576103687286
170,0,569.166015625,-101.275382995605,44.5587120056152,-28.368673324585,10.2295875549316
171,0,355.101196289062,2.52426671981812,135.151840209961,68.8228912353516,14.0297956466675
172,0,486.908294677734,-14.7701864242554,92.0949935913086,38.6596755981445,7.19693851470947
173,0,866.859619140625,114.343193054199,203.703277587891,159.03044128418,19.963171005249
174,0,27.8826332092285,-81.4686508178711,38.7761154174805,-21.3843898773193,3.10310745239258
175,0,907.357299804688,109.82292175293,181.387908935547,145.564651489258,26.9869155883789
176,0,783.886840820312,113.287078857422,197.413619995117,155.288726806641,20.5351791381836
177,0,1248.36315917969,151.294021606445,237.377716064453,194.323364257812,12.2025260925293
178,0,639.881774902344,86.0546722412109,191.109313964844,138.587051391602,30.7145023345947
179,0,26.5029373168945,43.1166763305664,202.851593017578,122.950996398926,0.0634191408753395
180,0,918.225646972656,144.584228515625,220.91926574707,182.772491455078,10.1396160125732
181,0,239.835754394531,-15.7917623519897,115.688529968262,49.9332122802734,15.7988739013672
182,0,339.815795898438,23.431188583374,149.567169189453,86.4676895141602,11.4128408432007
183,0,20.5109272003174,33.4828758239746,215.518447875977,124.51490020752,0.0199045222252607
184,0,463.260070800781,-110.011810302734,33.8335838317871,-38.1018180847168,6.3939380645752
185,0,545.745300292969,-24.7049407958984,84.081657409668,29.6638641357422,3.86669993400574
186,0,504.056091308594,-52.5531730651855,71.1798095703125,9.3280782699585,4.35482120513916
187,0,86.8723068237305,-89.5983810424805,54.8818321228027,-17.4172706604004,2.14527940750122
188,0,397.879150390625,-87.8953018188477,38.7727470397949,-24.5807056427002,8.21281433105469
189,0,56.6093406677246,-57.0355911254883,94.6074752807617,18.758150100708,2.7721893787384
190,0,53.7264404296875,60.5091934204102,199.872329711914,130.124847412109,1.84801626205444
191,0,498.970031738281,84.0717086791992,203.53141784668,143.818405151367,29.4187774658203
192,0,796.718200683594,-14.4014778137207,103.189239501953,44.3560752868652,6.55259561538696
193,0,99.1331558227539,-63.8277626037598,80.6493377685547,8.39521598815918,2.67698073387146
194,0,355.245239257812,-103.077415466309,-17.8954925537109,-60.4444961547852,2.32773494720459
195,0,160.392211914062,-17.2317790985107,100.667404174805,41.7162475585938,6.83345127105713
196,0,201.777786254883,7.72638034820557,139.360702514648,73.5146484375,19.0089950561523
197,0,365.534454345703,26.5489826202393,148.753234863281,87.6840362548828,13.5249118804932
198,0,688.892639160156,95.9269409179688,181.24333190918,138.562545776367,12.1083955764771
199,0,314.697906494141,-2.73880839347839,134.836395263672,66.0484313964844,20.7806529998779
200,0,26.9179039001465,50.2364158630371,224.091293334961,137.195098876953,1.28813064098358
201,0,1138.37634277344,175.133911132812,247.352767944336,211.255233764648,15.2049751281738
202,0,413.940612792969,34.4272651672363,165.342788696289,99.8820419311523,12.7732725143433
203,0,265.057312011719,-72.102409362793,71.1265335083008,-0.488757997751236,6.82115650177002
204,0,329.209533691406,-57.3905792236328,96.186393737793,19.3833541870117,10.6145219802856
205,0,215.775695800781,-90.4776992797852,14.0181159973145,-38.2723159790039,2.43947076797485
206,0,514.194396972656,74.8310699462891,188.913467407227,131.835632324219,18.8179302215576
207,0,514.382934570312,-6.78166723251343,110.246894836426,51.7638397216797,7.09008455276489
208,0,693.701110839844,110.754234313965,198.643981933594,154.652725219727,14.432580947876
209,0,569.16064453125,62.2437057495117,155.077529907227,108.634780883789,14.0000495910645
210,0,369.201324462891,-105.399604797363,35.3431816101074,-35.0142021179199,0.328911364078522
211,0,868.238647460938,99.8741989135742,190.99772644043,145.430084228516,9.07972431182861
212,0,900.345153808594,126.17618560791,201.486526489258,163.883514404297,11.3547172546387
213,0,426.450866699219,34.5188674926758,161.655456542969,98.0626602172852,16.251672744751
214,0,357.647155761719,-126.429306030273,6.34967803955078,-60.0349273681641,3.86886501312256
215,0,29.2019577026367,53.248291015625,226.324722290039,139.803848266602,1.79527318477631
216,0,915.431945800781,93.13037109375,187.555328369141,140.289443969727,9.01824760437012
217,0,647.101440429688,83.3270950317383,181.155380249023,132.229141235352,11.6639003753662
218,0,288.864379882812,-4.20389604568481,120.657249450684,58.2191123962402,8.72459411621094
219,0,464.59033203125,67.18798828125,185.752868652344,126.445152282715,23.5840358734131
220,0,350.757507324219,-84.848762512207,43.5560836791992,-20.6558399200439,4.31823110580444
221,0,40.9873695373535,6.21879959106445,168.410049438477,87.2160339355469,0.79091602563858
222,0,325.6630859375,-136.804061889648,-8.00747394561768,-72.3745880126953,5.14094686508179
223,0,173.657409667969,-38.7059860229492,95.3746185302734,28.3403854370117,6.63872909545898
224,0,38.862476348877,41.0650749206543,219.365829467773,130.234985351562,1.07143223285675
225,0,576.358825683594,-34.8708610534668,94.7006301879883,29.9014091491699,10.8743810653687
226,0,614.571594238281,83.9930648803711,174.46125793457,129.256729125977,25.4021892547607
227,0,244.990295410156,-95.8890686035156,26.1304111480713,-34.8630104064941,2.59167075157166
228,0,152.317520141602,-47.6202163696289,78.0153274536133,15.2023801803589,4.41079998016357
229,0,476.517791748047,-42.2730751037598,72.8637847900391,15.3000421524048,11.1567640304565
230,0,785.251403808594,120.220504760742,200.125549316406,160.187637329102,13.7515296936035
231,0,25.5118427276611,28.1168518066406,166.064819335938,97.0784606933594,3.06625938415527
232,0,148.082550048828,-7.17245578765869,123.30933380127,58.0488967895508,0.301500856876373
233,0,364.651550292969,10.5986547470093,135.853363037109,73.2380752563477,16.5388336181641
234,0,109.274116516113,42.6643524169922,147.399871826172,95.0206604003906,13.1823587417603
235,0,233.938873291016,-13.8342237472534,108.387145996094,47.310962677002,7.76137685775757
236,0,1173.0224609375,147.401245117188,220.251403808594,183.854522705078,10.8251113891602
237,0,504.060302734375,61.1289176940918,145.907318115234,103.467170715332,24.1564121246338
238,0,329.626281738281,19.0495796203613,145.478317260742,82.2734222412109,17.6166477203369
239,0,941.964294433594,53.3581390380859,148.476348876953,100.894439697266,5.58068895339966
240,0,51.3146667480469,6.36100435256958,156.75732421875,81.5538558959961,5.65711307525635
241,0,181.076324462891,12.4292211532593,140.324859619141,76.4180908203125,11.0687732696533
242,0,596.333618164062,78.0258712768555,177.766525268555,127.886383056641,28.1914024353027
243,0,26.1172218322754,35.3371086120605,205.884338378906,120.57559967041,6.08055782318115
244,0,937.812194824219,136.61262512207,216.164916992188,176.429580688477,15.7145652770996
245,0,1010.05004882812,116.50269317627,212.831329345703,164.650695800781,20.9492740631104
246,0,1277.70324707031,139.965393066406,227.435012817383,183.656585693359,14.2719049453735
247,0,183.501815795898,-65.8884506225586,71.6351547241211,2.87784123420715,6.78952121734619
248,0,1324.10009765625,144.144287109375,231.679000854492,187.903381347656,7.79634475708008
249,0,422.913238525391,-44.7731895446777,86.4799880981445,20.8549709320068,11.8439598083496
250,0,266.325805664062,-170.429412841797,-45.8336982727051,-108.132965087891,1.02320373058319
251,0,306.928375244141,-0.0632856786251068,121.331809997559,60.5956153869629,11.2315607070923
252,0,107.671119689941,28.5122470855713,147.442794799805,87.9750595092773,11.2337913513184
253,0,25.7480068206787,34.5564842224121,204.724273681641,119.602684020996,1.41223609447479
254,0,165.477203369141,-145.424591064453,-24.7308158874512,-85.1079177856445,0.0128236580640078
255,0,83.654167175293,0.0749465972185135,107.097114562988,53.6053810119629,3.35778117179871
256,0,145.11311340332,6.45273780822754,153.057678222656,79.731559753418,6.57865238189697
257,0,230.166305541992,14.5471029281616,148.885543823242,81.6978607177734,6.66395330429077
258,0,1222.22314453125,135.307357788086,220.197738647461,177.69612121582,19.2145023345947
259,0,1122.17309570312,124.118522644043,200.308990478516,162.184158325195,18.1909351348877
260,0,1074.58776855469,129.832122802734,200.832168579102,165.283126831055,17.3525485992432
261,0,455.250152587891,69.7972259521484,195.833740234375,132.868469238281,26.5571727752686
262,0,372.455291748047,-134.740676879883,-9.42830181121826,-71.9977645874023,4.88669347763062
263,0,465.926788330078,-13.0608673095703,90.6412887573242,38.7672538757324,19.9627723693848
264,0,345.128784179688,-64.4259185791016,62.2996406555176,-1.12504041194916,8.0042839050293
265,0,377.179534912109,-56.9570655822754,77.2822341918945,10.1441993713379,2.0711715221405
266,0,399.534606933594,-86.9971618652344,41.6974983215332,-22.6258506774902,7.2369704246521
267,0,478.081176757812,-92.4456634521484,36.6520614624023,-27.8822059631348,9.54452228546143
268,0,30.8990669250488,-67.171760559082,45.171501159668,-11.0270538330078,0.516940355300903
269,0,33.582332611084,42.3304862976074,204.727249145508,123.533203125,5.34122705459595
270,0,58.529655456543,19.2984619140625,140.016265869141,79.6084518432617,1.41790807247162
271,0,526.352783203125,100.024520874023,204.557006835938,152.2158203125,29.8027038574219
272,0,21.3473167419434,-167.746719360352,-50.3334770202637,-109.055030822754,0.0354708209633827
273,0,531.392272949219,-45.5479278564453,76.2198944091797,15.3587884902954,7.14489793777466
274,0,103.65795135498,5.82195234298706,123.669059753418,64.6981430053711,3.28885984420776
275,0,325.514312744141,-5.54629135131836,114.40111541748,54.4359436035156,13.9143180847168
276,0,642.501525878906,-34.4648513793945,80.7157745361328,23.1151294708252,3.20652532577515
277,0,506.358947753906,84.686882019043,202.222198486328,143.400085449219,23.8923072814941
278,0,22.272855758667,27.1211910247803,152.877548217773,89.984504699707,3.78651452064514
279,0,398.531341552734,-93.2438278198242,40.8358688354492,-26.2096271514893,10.7614040374756
280,0,399.588043212891,31.0586376190186,156.345336914062,93.7142639160156,11.1750679016113
281,0,546.165710449219,-97.8316345214844,14.278263092041,-41.7714653015137,6.21453428268433
282,0,991.932006835938,148.924499511719,231.793075561523,190.376495361328,8.49786281585693
283,0,93.9016571044922,-81.60986328125,36.5486831665039,-22.5728435516357,2.51077246665955
284,0,1001.72149658203,142.135589599609,214.257659912109,178.19416809082,14.7516593933105
285,0,1286.47607421875,138.378479003906,225.675903320312,182.03271484375,11.1377859115601
286,0,149.375183105469,22.2431411743164,150.194915771484,86.2582473754883,3.16318583488464
287,0,928.076843261719,149.638153076172,216.552642822266,183.056518554688,19.6202926635742
288,0,1193.35571289062,112.425796508789,190.748123168945,151.596710205078,11.8312225341797
289,0,654.725891113281,105.441802978516,207.640991210938,156.518890380859,22.923921585083
290,0,341.785491943359,-56.0875701904297,72.9529266357422,8.40392398834229,4.90386343002319
291,0,402.274444580078,-109.714790344238,23.8678855895996,-42.9348487854004,7.9262318611145
292,0,1171.0712890625,133.377822875977,218.201248168945,175.769714355469,18.3160552978516
293,0,29.8048152923584,23.2278652191162,159.380508422852,91.2970123291016,1.6557651758194
294,0,65.1836776733398,42.8899230957031,214.226745605469,128.540451049805,0.0298562552779913
295,0,1174.22607421875,143.219833374023,230.889694213867,187.043670654297,16.6935291290283
296,0,504.545562744141,-27.406759262085,83.0702590942383,27.820348739624,5.33645248413086
297,0,267.719635009766,-70.1381378173828,60.9169692993164,-4.69109869003296,19.3339881896973
298,0,1468.03100585938,144.428863525391,232.694320678711,188.621383666992,18.3535976409912
299,0,856.70947265625,114.261154174805,191.073257446289,152.624038696289,18.7359638214111
300,0,202.849227905273,-94.3342208862305,38.2444190979004,-28.0752868652344,4.57115030288696
301,0,210.298645019531,-15.4600286483765,110.193565368652,47.3430023193359,8.02417945861816
302,0,869.389709472656,95.6801147460938,173.657867431641,134.612884521484,13.7348947525024
303,0,1253.68139648438,132.773254394531,216.335891723633,174.575103759766,10.9116973876953
304,0,2061.990234375,152.308654785156,259.781188964844,205.996231079102,7.49961233139038
305,0,392.876129150391,-106.319396972656,43.1738243103027,-31.5984745025635,0.556841552257538
306,0,25.1448459625244,41.6872177124023,214.987731933594,128.296188354492,0.421768546104431
307,0,479.543548583984,-69.1006240844727,61.7090148925781,-3.70325493812561,9.78085422515869
308,0,105.872406005859,-25.6529903411865,114.587951660156,44.4965438842773,5.23532056808472
309,0,65.5674057006836,25.2891788482666,160.478958129883,92.9010925292969,0.300639599561691
310,0,184.155242919922,-57.4585762023926,80.9315795898438,11.7350873947144,6.13093233108521
311,0,420.855285644531,-79.9476547241211,57.3011436462402,-11.364429473877,2.58822464942932
312,0,574.572937011719,95.667106628418,200.348709106445,147.967926025391,31.0317935943604
313,0,528.068786621094,-98.8802795410156,20.9259624481201,-38.947868347168,8.59930515289307
314,0,1566.88745117188,106.577072143555,195.163024902344,150.877212524414,10.3565092086792
315,0,431.428649902344,-76.9705047607422,55.578685760498,-10.6882495880127,1.79453957080841
316,0,183.492630004883,-3.82541990280151,131.47314453125,63.794002532959,3.2773118019104
317,0,1133.23181152344,137.486907958984,213.437622070312,175.430038452148,15.0710401535034
318,0,467.204528808594,-21.2882328033447,90.3137054443359,34.4817237854004,10.7935523986816
319,0,353.195556640625,-20.3515300750732,96.333251953125,37.9791450500488,10.2643756866455
320,0,285.153228759766,-89.7094879150391,51.2603492736816,-19.2184448242188,6.06463527679443
321,0,1450.28637695312,109.659637451172,200.841690063477,155.231491088867,4.81654405593872
322,0,1108.73681640625,150.433181762695,222.951797485352,186.696487426758,14.0072641372681
323,0,592.672546386719,-28.4767627716064,82.9366302490234,27.2453670501709,5.76815271377563
324,0,959.640808105469,119.64241027832,210.366226196289,165.033630371094,19.5124549865723
325,0,637.960754394531,103.912704467773,207.126892089844,155.485458374023,26.6035423278809
326,0,344.453002929688,30.5016269683838,161.982727050781,96.2233963012695,24.4303150177002
327,0,433.985473632812,-109.466026306152,36.2693367004395,-36.5602912902832,0.266231507062912
328,0,546.159790039062,-103.52001953125,14.8301944732666,-44.4164543151855,6.09822034835815
329,0,234.786819458008,-122.523063659668,15.3838968276978,-53.5010261535645,0.0993593707680702
330,0,50.8725318908691,23.7136096954346,158.792816162109,91.2176513671875,0.00762085523456335
331,0,448.222900390625,39.6488380432129,153.731994628906,96.6841354370117,12.6196908950806
332,0,163.686752319336,-12.3533182144165,103.983848571777,45.8136177062988,10.0064010620117
333,0,607.832397460938,88.5308151245117,189.875930786133,139.218978881836,24.3001041412354
334,0,97.6975631713867,-143.939697265625,-6.5653395652771,-75.1883087158203,0.0754861608147621
335,0,8.82602024078369,-166.432876586914,-62.0092735290527,-114.179588317871,0.209177732467651
336,0,767.010559082031,86.7469329833984,168.885818481445,127.78653717041,9.5078592300415
337,0,19.474006652832,32.3244018554688,205.311904907227,118.848274230957,0.211583092808723
338,0,693.2451171875,101.511306762695,202.883193969727,152.176391601562,13.4426240921021
339,0,216.43635559082,8.90118217468262,140.269973754883,74.6187591552734,9.14737224578857
340,0,119.070045471191,10.2629537582397,125.113548278809,67.7349472045898,8.90603542327881
341,0,1210.6015625,136.435531616211,224.664779663086,180.529510498047,11.4923143386841
342,0,327.753601074219,-102.280502319336,23.8385219573975,-39.2533950805664,2.79099202156067
343,0,446.533294677734,-119.915092468262,18.6751823425293,-50.6735687255859,5.87715673446655
344,0,1101.86254882812,135.545181274414,218.228134155273,176.912063598633,22.6925373077393
345,0,413.394256591797,-103.556526184082,37.5656471252441,-33.0123634338379,2.85225892066956
346,0,151.295715332031,-67.4920425415039,35.4913902282715,-15.9954099655151,4.49744415283203
347,0,390.524230957031,-101.003860473633,47.7224006652832,-26.6694145202637,1.066974401474
348,0,528.288146972656,89.9566497802734,200.770309448242,145.405242919922,27.8226852416992
349,0,446.716064453125,-132.840591430664,-17.7310199737549,-75.3108444213867,2.45941805839539
350,0,532.369873046875,-23.8156414031982,95.099739074707,35.5983543395996,10.0026502609253
351,0,1295.65881347656,172.671051025391,250.539047241211,211.601654052734,13.9400243759155
352,0,349.197265625,-136.483795166016,-9.02303028106689,-72.7368545532227,4.03867816925049
353,0,687.855224609375,90.9327011108398,181.705642700195,136.317291259766,9.57174015045166
354,0,1229.54907226562,137.136962890625,226.750961303711,181.948471069336,13.2038431167603
355,0,685.412109375,42.7257537841797,139.998519897461,91.3761291503906,8.53567981719971
356,0,976.411010742188,147.668182373047,216.062683105469,181.791198730469,25.3557891845703
357,0,1218.505859375,103.800849914551,189.366836547852,146.598709106445,10.6624317169189
358,0,38.9610366821289,-193.403457641602,-106.178230285645,-149.813110351562,0.265537410974503
359,0,162.835922241211,-134.882598876953,-4.71388053894043,-69.7731704711914,0.0561458095908165
360,0,67.0065460205078,-29.7634525299072,110.808525085449,40.504264831543,2.2193124294281
361,0,416.500244140625,14.3914175033569,117.558349609375,65.9901657104492,19.3720798492432
362,0,55.4227905273438,-143.909927368164,-7.37253427505493,-75.6414947509766,0.433379709720612
363,0,75.9561538696289,18.36008644104,161.473770141602,89.9149627685547,8.3062629699707
364,0,332.471527099609,-24.7808609008789,101.383056640625,38.2806434631348,9.27830410003662
365,0,245.789199829102,-92.9900207519531,37.0324058532715,-27.9994850158691,4.08165788650513
366,0,10.6250638961792,-172.531555175781,-57.008975982666,-114.748672485352,0.31865119934082
367,0,409.500030517578,82.4125289916992,198.124404907227,140.277938842773,27.3988952636719
368,0,516.050598144531,-18.9769668579102,96.0899429321289,38.6202125549316,8.13856983184814
369,0,54.3435668945312,57.0192031860352,202.348114013672,129.683807373047,12.4071245193481
370,0,173.604187011719,-94.8636016845703,37.7062072753906,-28.5688934326172,4.05769968032837
371,0,30.6371021270752,-175.809677124023,-75.2943725585938,-125.593933105469,0.222343295812607
372,0,426.631988525391,-64.1513595581055,92.2585220336914,14.0397520065308,10.6125984191895
373,0,112.592697143555,3.89751768112183,120.479972839355,62.1263999938965,3.04602527618408
374,0,41.8658790588379,-95.5896682739258,36.7442245483398,-29.4616012573242,0.550157070159912
375,0,367.403961181641,76.7182312011719,194.583450317383,135.639144897461,28.2070465087891
376,0,171.555725097656,-72.5155334472656,62.87548828125,-4.87451076507568,3.90863609313965
377,0,251.252227783203,-110.349014282227,30.1587104797363,-40.0809288024902,0.444265127182007
378,0,156.825531005859,23.5964908599854,143.083221435547,83.3328704833984,12.054123878479
379,0,119.35164642334,-31.8964176177979,97.34326171875,32.681468963623,3.57688450813293
380,0,223.364212036133,16.744010925293,138.437164306641,77.6051254272461,16.4293346405029
381,0,29.6738719940186,43.5960464477539,217.299301147461,130.441711425781,0.0345672890543938
382,0,429.374389648438,-90.2257308959961,51.3683624267578,-19.4536762237549,0.185489982366562
383,0,216.221282958984,-14.6310176849365,118.527549743652,51.9146347045898,11.8726119995117
384,0,585.966125488281,102.818084716797,208.519241333008,155.643157958984,30.8288974761963
385,0,41.4638481140137,27.083423614502,163.993621826172,95.5508117675781,2.2331862449646
386,0,47.743824005127,-99.5236358642578,22.9773693084717,-38.2858772277832,2.53588390350342
387,0,137.423843383789,-17.1145267486572,112.874656677246,47.8534660339355,6.05357837677002
388,0,79.1214370727539,15.8512582778931,141.050109863281,78.4313812255859,1.88377237319946
389,0,74.0277252197266,17.4170875549316,154.56184387207,85.9849853515625,2.85009479522705
390,0,85.3648223876953,-4.05850124359131,111.79630279541,53.8315353393555,1.20967423915863
391,0,515.464050292969,-83.0267486572266,52.4963111877441,-15.3122987747192,9.19263458251953
392,0,1198.94702148438,134.577392578125,209.237030029297,171.909240722656,7.86714839935303
393,0,1254.69982910156,126.669898986816,206.454223632812,166.560134887695,14.3872423171997
394,0,272.767333984375,-85.9765243530273,49.2677993774414,-18.3951206207275,7.13993692398071
395,0,672.087768554688,-18.9761199951172,100.758087158203,40.8689079284668,9.67002296447754
396,0,1484.05078125,203.341064453125,275.836242675781,239.533935546875,21.3611812591553
397,0,698.927612304688,107.003524780273,209.085037231445,158.007934570312,24.3215351104736
398,0,1305.62939453125,156.388107299805,230.818588256836,193.638885498047,11.0867376327515
399,0,27.5522365570068,-10.6662092208862,126.366287231445,57.837043762207,2.34568238258362
400,0,180.31315612793,-46.4384346008301,66.0276107788086,9.77932643890381,6.70739364624023
401,0,153.67204284668,-137.661956787109,-22.8765830993652,-80.2881698608398,0.859741747379303
402,0,1278.48596191406,139.697387695312,215.277923583984,177.480010986328,14.4230508804321
403,0,1160.77221679688,145.081924438477,229.910980224609,187.501831054688,20.4355316162109
404,0,258.38623046875,-103.665550231934,34.7595672607422,-34.4570236206055,2.76800155639648
405,0,643.550231933594,109.306610107422,191.495651245117,150.398223876953,15.1810369491577
406,0,1362.99780273438,154.69938659668,235.396453857422,195.011428833008,14.4596796035767
407,0,99.0804977416992,52.1124610900879,189.245223999023,120.654724121094,5.67039489746094
408,0,170.225677490234,-145.462310791016,-18.0112190246582,-81.7514343261719,0.0331152193248272
409,0,595.648254394531,-37.8839492797852,74.3121337890625,18.1786193847656,3.6816554069519
410,0,726.685974121094,106.8779296875,205.259674072266,156.092514038086,20.1890983581543
411,0,1869.30688476562,166.407440185547,259.801422119141,213.078018188477,3.27569627761841
412,0,120.054046630859,-21.6514892578125,115.668487548828,47.001579284668,1.2420791387558
413,0,476.262634277344,91.2012634277344,183.150955200195,137.200714111328,22.7612113952637
414,0,212.802124023438,-87.6530456542969,10.3050556182861,-38.6787071228027,2.52520561218262
415,0,138.152862548828,-24.8999862670898,86.6370620727539,30.8653774261475,4.63288164138794
416,0,941.674621582031,117.080955505371,192.989700317383,155.131973266602,13.6851816177368
417,0,955.054809570312,114.131423950195,181.349090576172,147.71549987793,18.7272853851318
418,0,829.811096191406,107.43034362793,199.142318725586,153.307739257812,7.64959239959717
419,0,556.871154785156,-120.828575134277,-0.240126267075539,-60.5822792053223,5.83516788482666
420,0,733.287170410156,107.219482421875,212.749755859375,159.950088500977,22.7162818908691
421,0,301.58837890625,-82.8581390380859,2.69997024536133,-40.1316375732422,2.7345073223114
422,0,359.101715087891,14.068995475769,138.401382446289,76.2189559936523,15.4233560562134
423,0,127.954681396484,27.1850147247314,159.488922119141,93.3154983520508,11.7777633666992
424,0,366.514251708984,-4.73072528839111,115.082092285156,55.1701507568359,10.6088781356812
425,0,1172.7158203125,125.182540893555,201.929565429688,163.64045715332,10.6372957229614
426,0,876.280090332031,121.604377746582,192.717269897461,157.179168701172,19.9387054443359
427,0,170.8818359375,-51.5904808044434,84.6113739013672,16.51633644104,7.44389486312866
428,0,486.081481933594,-8.77859115600586,86.5288467407227,38.8504943847656,19.5708808898926
429,0,283.003936767578,3.11323428153992,144.025588989258,73.6033020019531,16.5542640686035
430,0,472.314422607422,45.1572723388672,156.112152099609,100.686416625977,18.0357303619385
431,0,474.35498046875,-18.0423679351807,85.8933639526367,33.9053726196289,17.2748851776123
432,0,168.321762084961,-116.39347076416,-42.0302391052246,-79.2530899047852,2.62052798271179
433,0,519.81640625,-86.1256103515625,28.7052726745605,-28.7098407745361,3.16998362541199
434,0,712.204040527344,24.406286239624,138.709167480469,81.5352249145508,8.63740539550781
435,0,341.975891113281,15.9469890594482,153.983612060547,85.0210876464844,6.68233251571655
436,0,46.3905220031738,-129.605041503906,6.62917423248291,-61.5085716247559,0.586962819099426
437,0,1254.43920898438,148.332305908203,233.983581542969,191.145843505859,10.3887481689453
438,0,18.5274238586426,59.4899063110352,203.975646972656,131.732192993164,1.98307037353516
439,0,351.936920166016,-62.6514739990234,76.8678436279297,7.1766676902771,7.72979974746704
440,0,425.069152832031,-76.0012741088867,53.5451393127441,-11.237419128418,4.10616207122803
441,0,1255.34509277344,179.908477783203,258.717712402344,219.366424560547,17.1225700378418
442,0,243.193664550781,5.16659021377563,114.046714782715,59.592887878418,10.9969663619995
443,0,370.655151367188,28.6761608123779,150.965728759766,89.8282775878906,14.3219747543335
444,0,442.576446533203,-122.822395324707,8.46521949768066,-57.1865844726562,1.14168453216553
445,0,468.520751953125,-14.7516775131226,83.8882446289062,34.5683746337891,15.4465818405151
446,0,472.742858886719,-59.5643768310547,70.1016693115234,5.25707483291626,9.0455207824707
447,0,318.143127441406,-17.0688152313232,111.101997375488,47.0250282287598,11.4453258514404
448,0,35.3982925415039,52.6836547851562,216.644943237305,134.668167114258,7.67029190063477
449,0,256.382659912109,-30.402702331543,64.0439605712891,16.7866382598877,4.95039129257202
450,0,298.127685546875,-26.1119918823242,103.503204345703,38.6754417419434,9.11597061157227
451,0,120.245338439941,-34.0999183654785,80.7806701660156,23.3269233703613,9.16992473602295
452,0,26.4499340057373,34.0496711730957,207.803359985352,120.913368225098,1.18484997749329
453,0,127.938682556152,-14.6069612503052,126.833145141602,56.0923538208008,3.1158549785614
454,0,402.484588623047,-106.341636657715,14.3032522201538,-46.0713958740234,6.54063320159912
455,0,92.270378112793,13.0057497024536,148.397537231445,80.7181091308594,18.5967998504639
456,0,398.059875488281,-70.978630065918,63.7945251464844,-3.61929535865784,2.62494492530823
457,0,387.469696044922,18.0841655731201,134.925430297852,76.5665740966797,11.9638662338257
458,0,748.33544921875,2.93257260322571,108.237182617188,55.6056747436523,7.74510097503662
459,0,106.890686035156,-140.677459716797,-1.54068171977997,-71.1210479736328,0.0859105736017227
460,0,79.785041809082,14.7981901168823,153.258209228516,84.0177230834961,2.77387428283691
461,0,33.2825393676758,40.9037742614746,220.201583862305,130.5087890625,0.016312001273036
462,0,217.404891967773,-105.282577514648,42.8316955566406,-31.1706867218018,2.91347527503967
463,0,813.804748535156,7.71432113647461,123.664039611816,65.7317123413086,8.83942794799805
464,0,633.970581054688,109.065063476562,210.04541015625,159.568420410156,24.997766494751
465,0,1358.82446289062,181.546142578125,263.392578125,222.389770507812,37.8370666503906
466,0,129.879379272461,-134.242721557617,5.48285055160522,-64.4036254882812,2.52410674095154
467,0,805.45263671875,108.359954833984,211.058990478516,159.733016967773,20.0053844451904
468,0,97.6157608032227,-131.715774536133,13.3508529663086,-59.243335723877,2.37294983863831
469,0,1295.80822753906,160.400329589844,231.677398681641,196.006805419922,7.72850751876831
470,0,17.5257740020752,-156.80158996582,-40.5499229431152,-98.7395629882812,1.0668728351593
471,0,614.074401855469,47.815113067627,141.256225585938,94.5107269287109,8.57890892028809
472,0,246.828201293945,-71.5158233642578,58.2954139709473,-6.67972230911255,4.81061697006226
473,0,92.1393661499023,57.1589469909668,194.555755615234,125.870956420898,9.8165922164917
474,0,1015.48760986328,137.357894897461,209.068969726562,173.202362060547,21.7495136260986
475,0,519.906921386719,-46.5146141052246,78.8180770874023,16.1770515441895,3.15729212760925
476,0,393.201019287109,23.9275588989258,142.274765014648,83.0021514892578,12.6617622375488
477,0,970.589965820312,154.163131713867,232.617370605469,193.387405395508,14.7923355102539
478,0,657.974548339844,98.9507904052734,193.689270019531,146.322113037109,12.08420753479
479,0,500.25,-120.918640136719,10.1676588058472,-55.4107437133789,2.69504427909851
480,0,231.758575439453,-49.2731132507324,85.7282028198242,18.2385559082031,8.64339828491211
481,0,548.846862792969,-13.8252897262573,92.1674880981445,39.1145935058594,7.14781808853149
482,0,619.243957519531,106.854560852051,205.971557617188,156.396438598633,28.6537189483643
483,0,386.356597900391,-66.1579132080078,70.3997650146484,2.13053846359253,1.06632435321808
484,0,1222.34167480469,132.887084960938,206.906005859375,169.880661010742,17.7994079589844
485,0,25.9839382171631,17.7672996520996,172.869781494141,95.3224258422852,0
486,0,321.767608642578,-51.6307144165039,50.5066146850586,-0.553879141807556,3.28329849243164
487,0,313.619354248047,-89.8128204345703,3.94530844688416,-42.951343536377,2.65126872062683
488,0,258.348510742188,-90.4182205200195,40.3746337890625,-25.0439853668213,7.12089204788208
489,0,34.1879081726074,49.9981842041016,221.348709106445,135.778717041016,1.58721232414246
490,0,631.340393066406,103.804649353027,207.217926025391,155.49967956543,25.4228572845459
491,0,14.5204887390137,18.8417358398438,184.776977539062,101.81803894043,0
492,0,50.7270889282227,-147.545623779297,-14.4484586715698,-81.0072174072266,0.048576183617115
493,0,340.112396240234,10.9822006225586,130.063125610352,70.5367431640625,11.3535718917847
494,0,414.643310546875,-122.157501220703,-6.58939552307129,-64.4169845581055,2.70150709152222
495,0,289.029602050781,-11.3369655609131,112.853645324707,50.7184562683105,8.97926998138428
496,0,155.543075561523,-141.842651367188,-8.97488021850586,-75.3710174560547,0.190960392355919
497,0,305.989562988281,-102.382034301758,4.70839977264404,-48.8360824584961,0.538898706436157
498,0,51.4939460754395,-144.863418579102,-30.5035972595215,-87.7237091064453,2.09027099609375
499,0,130.430068969727,35.1721267700195,157.15266418457,96.1611633300781,2.53909063339233
500,0,127.036415100098,-102.009826660156,20.9219913482666,-40.6338272094727,3.03189325332642
501,0,562.20263671875,-28.2180137634277,68.6348876953125,20.1981468200684,15.8561058044434
502,0,319.074096679688,-37.5379333496094,95.4871826171875,28.9668140411377,10.075478553772
503,0,931.740600585938,126.475189208984,204.129364013672,165.299652099609,14.1503887176514
504,0,287.884368896484,12.7441997528076,131.091033935547,71.8901214599609,12.8573503494263
505,0,29.5604057312012,50.9067916870117,218.441635131836,134.672103881836,4.4773530960083
506,0,1105.11975097656,151.153335571289,224.829727172852,187.977874755859,10.5081157684326
507,0,47.1115837097168,-148.271209716797,-13.1139049530029,-80.7260665893555,0.670077264308929
508,0,253.199493408203,-75.0213623046875,71.5903701782227,-1.74514949321747,8.19578742980957
509,0,27.857048034668,28.9186611175537,169.408706665039,99.1208648681641,0.0365924499928951
510,0,513.169189453125,-44.380485534668,81.8130798339844,18.6432304382324,8.84000110626221
511,0,487.425872802734,-10.4985752105713,98.4309616088867,44.0398635864258,12.9102621078491
512,0,1368.55688476562,139.900405883789,228.775894165039,184.323303222656,14.3916158676147
513,0,623.285766601562,86.9468002319336,192.050872802734,139.460678100586,27.2192344665527
514,0,1033.51123046875,134.664886474609,207.028625488281,170.83903503418,35.4185829162598
515,0,839.93505859375,124.658935546875,208.341445922852,166.504211425781,12.0333566665649
516,0,19.4268836975098,15.8394365310669,195.93440246582,105.885063171387,2.7952196598053
517,0,248.93962097168,-97.1759796142578,29.7765731811523,-33.7197799682617,6.86884355545044
518,0,24.9039916992188,-143.70671081543,-16.209997177124,-79.9409027099609,0.0664926543831825
519,0,659.184631347656,68.7489700317383,162.208969116211,115.335395812988,8.26979637145996
520,0,54.8146057128906,-14.3567180633545,129.278335571289,57.4682159423828,0.75416886806488
521,0,150.492660522461,-140.169296264648,-10.1413612365723,-75.1458282470703,0.105649679899216
522,0,169.838760375977,-30.0901756286621,112.80403137207,41.3347358703613,2.37488961219788
523,0,64.5027923583984,-141.998840332031,-0.848369717597961,-71.4167098999023,0.157147213816643
524,0,1696.73828125,130.206390380859,243.96354675293,187.061431884766,6.71472978591919
525,0,547.111083984375,-111.137367248535,-5.77161836624146,-58.4531631469727,2.80496072769165
526,0,392.021820068359,-10.8557262420654,117.756362915039,53.4133949279785,16.8318119049072
527,0,205.698928833008,5.23006582260132,147.353698730469,76.2445907592773,16.6253414154053
528,0,558.763305664062,-21.0326728820801,86.8863677978516,32.8916358947754,5.56580972671509
529,0,301.595642089844,12.9538326263428,138.678421020508,75.8320617675781,8.50052928924561
530,0,590.67431640625,85.1470489501953,178.834762573242,131.985916137695,31.9280986785889
531,0,1610.384765625,182.729278564453,263.265747070312,223.058334350586,17.2740135192871
532,0,389.571441650391,-41.089786529541,64.6050643920898,11.737154006958,5.54717683792114
533,0,604.204467773438,96.2035598754883,201.397720336914,148.735733032227,22.3224105834961
534,0,147.787994384766,-126.383850097656,2.09258556365967,-62.1949844360352,0.783388316631317
535,0,357.966400146484,-100.877326965332,39.148323059082,-30.8829364776611,3.88238382339478
536,0,522.297790527344,-46.0413360595703,74.8424911499023,14.3938598632812,3.88106417655945
537,0,338.909362792969,-79.251579284668,47.5612182617188,-15.8918952941895,4.82628536224365
538,0,141.470703125,-138.266891479492,-14.1956872940063,-76.2499923706055,0.0386734381318092
539,0,1551.43017578125,113.748565673828,200.78955078125,157.291275024414,10.0601177215576
540,0,1143.60046386719,135.207641601562,199.292251586914,167.242324829102,19.0882148742676
541,0,356.522064208984,3.04106545448303,124.522811889648,63.7687339782715,11.661735534668
542,0,420.987854003906,-90.9864501953125,44.9526824951172,-23.0158710479736,3.36029052734375
543,0,1298.32043457031,144.921752929688,225.323364257812,185.153121948242,32.8543090820312
544,0,534.332641601562,-37.7138633728027,80.5425415039062,21.4307765960693,6.22336912155151
545,0,175.593872070312,-42.6171226501465,90.5007476806641,23.9623069763184,6.75643157958984
546,0,651.356567382812,104.136856079102,207.05712890625,155.516311645508,25.2606201171875
547,0,1191.20776367188,139.781707763672,217.068222045898,178.413131713867,10.1172428131104
548,0,369.356506347656,-105.523330688477,27.8600826263428,-38.8367156982422,9.44454765319824
549,0,30.4262809753418,38.312671661377,219.621765136719,128.970703125,5.44286489486694
550,0,42.4361152648926,-15.8402338027954,133.167739868164,58.684268951416,5.14302396774292
551,0,1188.33032226562,140.106063842773,223.921371459961,181.997650146484,13.2226047515869
552,0,545.248962402344,57.8622589111328,170.185455322266,114.078239440918,19.083179473877
553,0,740.5068359375,81.7145385742188,180.146911621094,130.936889648438,22.1118221282959
554,0,415.871459960938,-78.6465148925781,53.555835723877,-12.5283756256104,7.80465030670166
555,0,42.5698699951172,47.4491233825684,210.24365234375,128.82861328125,0.000110940512968227
556,0,299.672698974609,10.5837430953979,145.428558349609,78.0369186401367,22.1787223815918
557,0,1138.6015625,172.092529296875,243.975036621094,208.022277832031,14.1027927398682
558,0,849.437744140625,91.9772186279297,170.85205078125,131.341369628906,11.3556957244873
559,0,1217.28369140625,140.040908813477,228.094436645508,184.087829589844,11.2386207580566
560,0,533.72509765625,-93.4724960327148,47.5659370422363,-22.9992542266846,11.9972867965698
561,0,38.2933959960938,28.499397277832,163.235214233398,95.833740234375,0.00192521256394684
562,0,605.477661132812,42.8171806335449,149.289031982422,96.074104309082,4.12785005569458
563,0,31.3461990356445,49.5168991088867,220.062362670898,134.842895507812,0.00131829839665443
564,0,21.9245300292969,-53.210521697998,61.8924293518066,4.33963489532471,0.85415655374527
565,0,1237.27490234375,133.056030273438,217.303359985352,175.182327270508,9.73475170135498
566,0,48.9350280761719,-8.68601036071777,148.249710083008,69.7799530029297,1.44274473190308
567,0,38.3071784973145,12.8664817810059,162.380432128906,87.6320571899414,1.24701833724976
568,0,551.073852539062,-70.989128112793,44.042854309082,-13.4878759384155,4.52628421783447
569,0,511.191375732422,-19.1483955383301,95.2399444580078,38.0526657104492,9.38018417358398
570,0,1443.47241210938,147.099365234375,231.197738647461,189.155181884766,11.4889078140259
571,0,153.815505981445,21.6431446075439,148.231903076172,84.9320297241211,2.82534146308899
572,0,154.200012207031,33.4649238586426,137.357345581055,85.4173736572266,3.75140857696533
573,0,1319.92150878906,114.232925415039,188.370910644531,151.368957519531,8.64773845672607
574,0,1402.177734375,110.978782653809,215.472305297852,163.207000732422,4.76274013519287
575,0,121.445457458496,-15.7814483642578,119.311904907227,51.7430038452148,5.10702514648438
576,0,917.070556640625,84.4650421142578,179.882873535156,132.153579711914,5.09547472000122
577,0,28.2255401611328,38.959545135498,207.95036315918,123.438270568848,0
578,0,772.425842285156,121.137092590332,200.59309387207,160.870727539062,15.4358320236206
579,0,517.245910644531,-17.9495601654053,98.9593276977539,40.501708984375,11.7021532058716
580,0,1441.51611328125,148.655563354492,224.554168701172,186.56916809082,22.6026077270508
581,0,28.0040721893311,52.9220733642578,221.792953491211,137.356750488281,0
582,0,847.247497558594,119.091567993164,208.96467590332,164.013519287109,16.636137008667
583,0,86.1683044433594,53.5267219543457,185.244873046875,119.399147033691,3.76629686355591
584,0,25.114574432373,-24.6328201293945,119.858192443848,47.6866035461426,2.41332387924194
585,0,153.622085571289,22.1938247680664,144.122817993164,83.1708068847656,1.29744565486908
586,0,1060.01525878906,131.058410644531,204.491683959961,167.784164428711,10.3209171295166
587,0,318.906433105469,26.6425971984863,153.038070678711,89.8368682861328,8.33411026000977
588,0,156.258193969727,24.5120010375977,146.65087890625,85.5552291870117,1.38587987422943
589,0,74.1268081665039,18.8956832885742,142.721420288086,80.7573013305664,1.31511890888214
590,0,386.576721191406,16.5943336486816,136.7978515625,76.6786880493164,13.5699901580811
591,0,1321.640625,162.081466674805,255.17414855957,208.527008056641,8.37603092193604
592,0,332.660827636719,-36.6701583862305,94.0068817138672,28.6905708312988,11.3049926757812
593,0,9.83578586578369,-147.470687866211,-25.6596698760986,-86.4446792602539,0.438948154449463
594,0,27.9246349334717,48.6231231689453,219.754257202148,134.164367675781,2.38119506835938
595,0,687.047912597656,48.8744010925293,165.371475219727,107.083320617676,3.5629243850708
596,0,521.629699707031,75.5897598266602,181.43293762207,128.567687988281,22.9415035247803
597,0,83.0527191162109,13.5791788101196,148.241424560547,80.8540420532227,0.877921402454376
598,0,160.418975830078,-137.240661621094,-4.03616380691528,-70.6083526611328,0.0304053742438555
599,0,1085.3974609375,135.30989074707,212.835067749023,174.117385864258,14.331000328064
600,0,96.3900909423828,21.3006267547607,147.198211669922,84.2463760375977,0.342401623725891
601,0,364.919586181641,-113.766242980957,22.3721351623535,-45.6971130371094,1.91929936408997
602,0,83.3657302856445,-88.8857803344727,40.8465881347656,-24.038911819458,2.72550392150879
603,0,140.402221679688,-134.658935546875,-4.02042627334595,-69.3552627563477,0.230679795145988
604,0,637.869873046875,-9.98424911499023,97.6613922119141,43.8509864807129,5.74701881408691
605,0,945.52392578125,127.881973266602,217.861572265625,172.835357666016,22.5696716308594
606,0,148.88981628418,12.5471649169922,137.700439453125,75.1319122314453,0.814627528190613
607,0,66.7763595581055,45.873405456543,202.428649902344,124.118812561035,4.49333953857422
608,0,635.279602050781,-89.7801361083984,31.6092128753662,-29.062614440918,4.39445972442627
609,0,1096.06176757812,136.712249755859,215.519393920898,176.122039794922,13.2150688171387
610,0,1200.45727539062,178.231109619141,261.649780273438,220.01091003418,29.5218982696533
611,0,337.215179443359,-138.133636474609,-12.6479902267456,-75.3711853027344,5.19066572189331
612,0,1513.48583984375,207.979782104492,281.278564453125,244.733352661133,13.9534826278687
613,0,1324.74267578125,127.84398651123,208.964019775391,168.439270019531,8.97533798217773
614,0,517.709411621094,-37.587459564209,78.250244140625,20.2961711883545,3.67987275123596
615,0,302.283416748047,-129.10498046875,3.92041420936584,-62.6098327636719,0.866966724395752
616,0,391.962463378906,-67.6339721679688,57.4663925170898,-5.08077621459961,5.61521196365356
617,0,71.4961776733398,29.4464473724365,163.39289855957,96.4335021972656,0.773060858249664
618,0,147.315032958984,-69.9202346801758,33.5613594055176,-18.2168941497803,3.91335725784302
619,0,130.582336425781,-14.5995931625366,113.165985107422,49.2264518737793,8.36981773376465
620,0,284.228057861328,12.4043197631836,130.001693725586,71.1944732666016,17.7287044525146
621,0,67.6388931274414,46.001838684082,184.096618652344,115.03791809082,10.5990552902222
622,0,326.836700439453,24.8033027648926,145.693618774414,85.2073440551758,10.4132261276245
623,0,11.9253673553467,21.8437881469727,193.387268066406,107.598335266113,0
624,0,395.807312011719,-89.2097091674805,53.7447128295898,-17.7306842803955,4.60658836364746
625,0,534.390869140625,59.5536117553711,157.378295898438,108.477249145508,17.3795204162598
626,0,157.162963867188,26.009105682373,158.099411010742,92.0613098144531,1.18361020088196
627,0,882.361877441406,116.740592956543,210.726318359375,163.778717041016,17.0722618103027
628,0,32.3180656433105,29.8382301330566,168.919692993164,99.3918609619141,0.299648135900497
629,0,295.707824707031,-13.2917366027832,112.118515014648,49.3891639709473,11.1279706954956
630,0,690.327331542969,81.8151550292969,190.20002746582,135.973297119141,29.1506385803223
631,0,1443.48229980469,142.795547485352,229.055297851562,185.96272277832,10.3018703460693
632,0,68.4450073242188,-133.346542358398,11.5938186645508,-60.8612213134766,0.736534655094147
633,0,29.0242347717285,-151.62727355957,-32.9844169616699,-92.2008895874023,1.10757172107697
634,0,265.5166015625,13.4558391571045,127.693771362305,70.5491027832031,13.0932855606079
635,0,146.562484741211,5.2048716545105,126.713348388672,65.9113311767578,5.21989870071411
636,0,500.892852783203,-127.853584289551,2.65921187400818,-62.592342376709,4.1259651184082
637,0,627.24267578125,107.12621307373,206.410552978516,156.748489379883,33.0055770874023
638,0,399.136871337891,31.1802234649658,162.81233215332,97.0055694580078,12.0045852661133
639,0,666.529052734375,23.3165245056152,139.399993896484,81.3611602783203,3.81531047821045
640,0,295.547790527344,20.0303859710693,154.533645629883,87.2456741333008,7.72003936767578
641,0,118.884368896484,-121.608451843262,6.16534042358398,-57.7032585144043,0.0570915974676609
642,0,167.044662475586,-14.7018203735352,113.134796142578,49.2078971862793,9.17565727233887
643,0,60.8135070800781,-137.190155029297,10.5170946121216,-63.3510551452637,0.113817669451237
644,0,459.033416748047,-67.8766403198242,57.89501953125,-5.01147413253784,4.39706993103027
645,0,91.6642761230469,-105.590454101562,39.6447830200195,-32.9583015441895,0.0537472628057003
646,0,1344.91674804688,162.497940063477,240.323715209961,201.478668212891,14.9016046524048
647,0,625.877807617188,-60.5025672912598,50.5327606201172,-4.98372173309326,4.56028413772583
648,0,66.9648056030273,-12.8077325820923,131.929153442383,59.5051345825195,0.16473451256752
649,0,509.805511474609,1.02035176753998,114.29313659668,57.6554107666016,21.9695301055908
650,0,600.722412109375,-120.40015411377,-10.5209169387817,-65.4718780517578,3.76980710029602
651,0,1446.46215820312,119.427223205566,200.97314453125,160.170135498047,7.26388549804688
652,0,555.627624511719,-50.5053405761719,77.4810485839844,13.4232501983643,7.9220290184021
653,0,26.4495487213135,36.6347312927246,187.605804443359,112.130737304688,1.93007254600525
654,0,628.113159179688,102.947891235352,206.669692993164,154.789291381836,24.5601387023926
655,0,139.4306640625,-20.039400100708,118.54386138916,49.2458076477051,4.81932687759399
656,0,217.805694580078,-4.42880868911743,110.703971862793,53.1455535888672,5.57523775100708
657,0,1150.18334960938,143.221908569336,224.884384155273,184.020782470703,17.7898540496826
658,0,565.720031738281,31.019437789917,129.895111083984,80.4489898681641,5.34785938262939
659,0,96.914436340332,-131.897338867188,19.0868282318115,-56.4227485656738,0.0747864469885826
660,0,407.549591064453,-41.9453048706055,68.6267318725586,13.3534078598022,19.8676528930664
661,0,1112.1591796875,156.484024047852,245.045562744141,200.794174194336,12.1892681121826
662,0,615.855895996094,76.902717590332,166.530715942383,121.735298156738,8.49502658843994
663,0,391.998657226562,-112.25390625,27.7326259613037,-42.2650108337402,0.154204428195953
664,0,1224.6416015625,152.241439819336,236.933456420898,194.627655029297,7.88138151168823
665,0,436.753662109375,1.49430859088898,112.120323181152,56.7569808959961,25.0610275268555
666,0,135.01725769043,28.4101085662842,145.934326171875,87.2019653320312,4.684974193573
667,0,419.8896484375,-19.4955101013184,82.837776184082,31.6888008117676,19.3190383911133
668,0,846.149841308594,136.885009765625,212.525573730469,174.820587158203,9.98011493682861
669,0,268.450500488281,-11.1651039123535,96.5414199829102,42.6774139404297,8.59933853149414
670,0,300.646514892578,-25.0593814849854,109.933715820312,42.3896865844727,9.00839233398438
671,0,14.8801784515381,-94.3325958251953,11.0266065597534,-41.6857795715332,0.585216164588928
672,0,304.235260009766,-80.3934860229492,5.15252447128296,-37.6355934143066,1.17764103412628
673,0,37.8086700439453,13.0560827255249,140.178573608398,76.606315612793,4.40436744689941
674,0,32.004451751709,27.0648345947266,149.950042724609,88.471435546875,1.6431473493576
675,0,145.778701782227,-10.7982912063599,117.598739624023,53.4182243347168,4.3681697845459
676,0,14.6021347045898,39.7187271118164,200.232055664062,119.957633972168,0.0188635364174843
677,0,1219.65991210938,92.4880981445312,173.668090820312,133.034957885742,7.79509925842285
678,0,395.624053955078,-25.6688461303711,76.6865921020508,25.501277923584,19.3194923400879
679,0,264.698760986328,-129.933715820312,-18.4779777526855,-74.2266159057617,2.24444317817688
680,0,26.3760719299316,33.8561706542969,209.491287231445,121.651107788086,0
681,0,1143.02355957031,126.297607421875,205.835815429688,166.050399780273,9.23094272613525
682,0,531.687622070312,-33.0007858276367,79.6846771240234,23.4205284118652,5.40240430831909
683,0,413.288238525391,70.7569427490234,187.759582519531,129.257034301758,41.3083000183105
684,0,1208.33703613281,139.111419677734,217.194198608398,178.194534301758,12.3837089538574
685,0,785.338073730469,-3.84943604469299,112.594093322754,54.3514442443848,11.1981725692749
686,0,59.7958488464355,43.2827072143555,180.530685424805,111.85897064209,4.61998748779297
687,0,511.879272460938,87.3538818359375,193.777603149414,140.536422729492,28.0109233856201
688,0,433.643890380859,-21.1623077392578,87.9363784790039,33.3965873718262,19.2386608123779
689,0,27.8982086181641,34.7072486877441,211.038269042969,122.868797302246,0.856663048267365
690,0,936.771789550781,179.867309570312,248.113067626953,213.927764892578,38.2583694458008
691,0,262.616455078125,-67.3525924682617,75.354133605957,4.03245306015015,7.74605131149292
692,0,309.169097900391,-100.574089050293,36.352294921875,-32.1780281066895,3.97041654586792
693,0,377.071960449219,-115.161361694336,37.5497589111328,-38.8057289123535,2.353670835495
694,0,1192.52612304688,136.353668212891,214.243942260742,175.267929077148,9.72338676452637
695,0,783.359069824219,80.8436889648438,170.044616699219,125.452033996582,8.79886341094971
696,0,1474.78894042969,142.672210693359,233.080062866211,187.883987426758,13.5664844512939
697,0,755.21728515625,117.27564239502,211.793319702148,164.5263671875,19.770866394043
698,0,1366.1474609375,169.573135375977,245.818832397461,207.674682617188,13.9493885040283
699,0,388.185638427734,-67.7220687866211,72.2777862548828,2.25556921958923,5.26571941375732
700,0,405.961242675781,-4.35749435424805,109.211265563965,52.4829025268555,19.7295169830322
701,0,442.157775878906,-96.4086761474609,18.7026195526123,-38.8747482299805,2.56294989585876
702,0,303.709625244141,-17.0122203826904,108.38005065918,45.6472434997559,11.7044820785522
703,0,179.922073364258,-7.90954732894897,118.97176361084,55.5075492858887,7.07882499694824
704,0,649.608947753906,116.151420593262,219.866439819336,168.047164916992,13.3874616622925
705,0,33.2093658447266,9.28175449371338,173.827087402344,91.5714263916016,0.0012989625101909
706,0,25.4952259063721,-139.770935058594,-22.2450275421143,-81.0092926025391,0.878631353378296
707,0,55.9700393676758,31.2249298095703,166.508819580078,98.8546524047852,6.0429253578186
708,0,303.309387207031,-85.2305526733398,49.0781402587891,-18.1056118011475,4.08400583267212
709,0,824.709899902344,111.156005859375,211.902481079102,161.515106201172,19.6137771606445
710,0,1012.86383056641,144.247421264648,216.170562744141,180.208831787109,9.30620574951172
711,0,627.931701660156,-42.6328430175781,61.0091514587402,9.17896556854248,3.79795837402344
712,0,571.58544921875,-44.2599868774414,93.5065383911133,24.6132030487061,9.59402561187744
713,0,272.326385498047,-85.4163513183594,62.2952995300293,-11.5563135147095,7.98780059814453
714,0,320.621032714844,-24.0038223266602,104.543167114258,40.2637100219727,9.77749538421631
715,0,82.0359115600586,-156.858657836914,-25.4539203643799,-91.1541442871094,0.0341969504952431
716,0,332.578247070312,-95.9732360839844,24.979585647583,-35.5258712768555,6.15255737304688
717,0,1146.888671875,112.504364013672,184.328170776367,148.421829223633,16.911828994751
718,0,112.356842041016,9.25785636901855,154.751846313477,81.9674224853516,3.21636366844177
719,0,75.94140625,-95.3199844360352,32.464412689209,-31.4504852294922,0.920904874801636
720,0,818.918518066406,16.2048492431641,127.277908325195,71.7605133056641,10.2144565582275
721,0,1278.00134277344,161.939865112305,246.863464355469,204.506210327148,4.6397876739502
722,0,160.44677734375,28.9416847229004,162.851974487305,95.9210205078125,5.61403036117554
723,0,810.288208007812,114.892768859863,209.451812744141,162.169906616211,16.7126808166504
724,0,831.176452636719,103.712921142578,194.021743774414,148.833557128906,26.2007484436035
725,0,666.675537109375,105.149047851562,208.029479980469,156.457443237305,23.0045127868652
726,0,1064.8232421875,110.550285339355,200.532775878906,155.57585144043,10.7778539657593
727,0,544.465454101562,4.09515142440796,118.804847717285,61.4220161437988,19.3491115570068
728,0,1530.45581054688,117.552352905273,197.548400878906,157.574462890625,6.61871528625488
729,0,374.567169189453,-58.3467178344727,70.8155059814453,6.22227048873901,0.410906046628952
730,0,1265.98266601562,156.862701416016,242.955993652344,199.885681152344,13.1300802230835
731,0,133.44482421875,16.6783065795898,159.803619384766,88.2788772583008,3.85231351852417
732,0,303.701263427734,-69.4308242797852,27.0445137023926,-21.1840400695801,6.91025114059448
733,0,190.843856811523,-3.18157505989075,115.056694030762,55.9459419250488,6.16451978683472
734,0,1046.92065429688,146.605514526367,219.86360168457,183.234100341797,13.3339433670044
735,0,21.2362594604492,30.9678745269775,203.511917114258,117.197792053223,7.85338124842383e-06
736,0,208.586318969727,10.4174995422363,128.054763793945,69.2397766113281,11.5871200561523
737,0,725.321716308594,101.42919921875,198.362716674805,149.883087158203,23.9111442565918
738,0,130.566696166992,-135.778686523438,-8.31834888458252,-72.0491409301758,0.106462977826595
739,0,290.959655761719,-63.7354774475098,79.3573608398438,7.82601642608643,8.06082439422607
740,0,292.961791992188,-82.6846771240234,51.0484199523926,-15.8620557785034,4.60491132736206
741,0,131.768600463867,-90.3391952514648,26.1741733551025,-32.0991096496582,2.18027067184448
742,0,318.966217041016,23.793981552124,161.723373413086,92.766471862793,8.13732814788818
743,0,1505.1552734375,197.002655029297,260.420623779297,228.676956176758,35.8733749389648
744,0,1473.56628417969,179.739715576172,270.889709472656,225.286483764648,8.17871952056885
745,0,1126.90258789062,129.821472167969,205.053176879883,167.443099975586,13.8099451065063
746,0,217.41423034668,32.0180244445801,162.878753662109,97.4309158325195,14.3050117492676
747,0,524.822387695312,14.3538103103638,116.013664245605,65.1919937133789,14.72718334198
748,0,1304.61181640625,176.287200927734,256.986755371094,216.672943115234,19.1317119598389
749,0,558.926696777344,-93.8887100219727,48.7213668823242,-22.6137390136719,7.63593053817749
750,0,589.997863769531,79.6067352294922,181.026138305664,130.327713012695,29.9857196807861
751,0,877.088195800781,144.964599609375,219.44352722168,182.243637084961,8.72041702270508
752,0,972.182800292969,108.969161987305,175.811874389648,142.391540527344,14.5568943023682
753,0,39.4416122436523,46.493522644043,210.102096557617,128.307891845703,0.50583291053772
754,0,361.516540527344,-113.76717376709,27.1665534973145,-43.3210792541504,1.04343247413635
755,0,54.5110893249512,-84.0071029663086,40.7053108215332,-21.6551551818848,4.27205324172974
756,0,245.307540893555,1.58572101593018,116.686241149902,59.1166076660156,8.13289070129395
757,0,545.386962890625,-125.437515258789,4.47542142868042,-60.5491104125977,5.36040639877319
758,0,285.832336425781,-15.7263631820679,113.757743835449,49.0325088500977,10.6254758834839
759,0,497.374206542969,-58.5843887329102,67.4616012573242,4.42684412002563,0.467759400606155
760,0,438.487365722656,81.0338973999023,189.946701049805,135.573135375977,25.3520526885986
761,0,95.9056549072266,-146.748840332031,-5.88372755050659,-76.3309936523438,0.227441027760506
762,0,562.932861328125,-52.4244079589844,63.7010192871094,5.66923046112061,4.54877519607544
763,0,31.1107692718506,22.828275680542,163.548889160156,93.1955718994141,3.28644824028015
764,0,247.412689208984,-104.085609436035,35.6303939819336,-34.245532989502,2.48651790618896
765,0,29.4914264678955,47.4154243469238,216.277908325195,131.873321533203,0.00125701690558344
766,0,327.057067871094,13.5165452957153,137.413772583008,75.4390411376953,16.5111026763916
767,0,11.7849435806274,50.6735000610352,198.765029907227,124.644943237305,1.07085835933685
768,0,117.287864685059,-118.826057434082,17.267017364502,-50.8111457824707,0.0078344214707613
769,0,459.962219238281,57.1856956481934,172.090454101562,114.706405639648,30.9613914489746
770,0,418.558868408203,-106.18579864502,35.6708450317383,-35.1978988647461,0.538438379764557
771,0,584.191467285156,-10.0688457489014,105.827613830566,47.9274063110352,13.7833919525146
772,0,452.461547851562,80.7711486816406,197.0615234375,138.867523193359,28.4580745697021
773,0,153.534805297852,-133.051406860352,11.455620765686,-60.8153305053711,0.0299836508929729
774,0,28.3055877685547,49.1740493774414,217.437835693359,133.31364440918,0.421828329563141
775,0,227.124038696289,-31.7616500854492,93.4497604370117,30.8642730712891,6.30667924880981
776,0,1390.22143554688,174.901870727539,263.914245605469,219.447372436523,10.8060874938965
777,0,336.04052734375,-2.50966596603394,104.944244384766,51.2635841369629,13.507194519043
778,0,355.799835205078,-29.2600708007812,73.0053329467773,21.8536014556885,10.169638633728
779,0,29.2529811859131,41.7453651428223,212.197280883789,126.954025268555,0
780,0,387.311798095703,30.3141822814941,147.235504150391,88.7806091308594,9.33130645751953
781,0,906.93115234375,116.314727783203,210.643478393555,163.511962890625,24.8873882293701
782,0,1373.01354980469,164.617523193359,248.64973449707,206.668960571289,13.7634162902832
783,0,57.3636360168457,-75.7695007324219,72.2700271606445,-1.74726152420044,3.10173392295837
784,0,1357.75610351562,183.621002197266,263.340545654297,223.576843261719,15.9476404190063
785,0,211.166641235352,5.09523487091064,110.952789306641,58.0311050415039,4.95806503295898
786,0,832.69140625,135.922241210938,211.922317504883,173.921325683594,15.7805471420288
787,0,1431.97644042969,170.605514526367,253.978790283203,212.280975341797,13.6911115646362
788,0,157.000869750977,-135.988311767578,8.97769641876221,-63.5224266052246,0.0672233924269676
789,0,818.83544921875,70.226188659668,148.718185424805,109.447982788086,14.5471830368042
790,0,1375.81689453125,111.615997314453,188.639831542969,150.125045776367,7.26391553878784
791,0,157.655700683594,13.4386329650879,141.93098449707,77.6822738647461,1.60916900634766
792,0,28.5328063964844,42.4938278198242,214.087478637695,128.286407470703,0
793,0,513.817504882812,-24.8190402984619,92.7830963134766,33.9290771484375,4.51384258270264
794,0,61.7744293212891,43.9489974975586,152.283966064453,98.0997848510742,9.88854694366455
795,0,162.091598510742,21.2738952636719,135.975219726562,78.632194519043,10.7903642654419
796,0,944.276733398438,111.377136230469,183.403701782227,147.37825012207,18.072681427002
797,0,350.185241699219,-17.6336097717285,93.4452438354492,37.9059600830078,18.5178833007812
798,0,1515.24523925781,134.643798828125,223.675476074219,179.18586730957,10.2834548950195
799,0,131.262222290039,-33.9791030883789,91.6289749145508,28.7689533233643,7.50009632110596
800,0,180.426788330078,-89.6640548706055,41.628475189209,-24.0796356201172,3.95518589019775
801,0,222.394088745117,-12.634446144104,99.3053359985352,43.3374633789062,6.69509935379028
802,0,377.128112792969,15.5448179244995,135.965179443359,75.7623062133789,9.57253074645996
803,0,1115.06262207031,134.062942504883,222.592575073242,178.308822631836,20.016242980957
804,0,862.003662109375,117.038055419922,197.809997558594,157.542465209961,12.886848449707
805,0,352.284362792969,-86.9278182983398,0.954214453697205,-42.9662399291992,2.54751968383789
806,0,272.912322998047,-139.755416870117,-8.40690612792969,-74.0701751708984,0.134440064430237
807,0,989.696166992188,129.803665161133,201.496383666992,165.581649780273,14.7791624069214
808,0,706.829956054688,116.546485900879,202.251190185547,159.41862487793,17.5636672973633
809,0,1321.77941894531,134.971893310547,218.422256469727,176.718154907227,18.3635883331299
810,0,131.472595214844,8.54736995697021,141.721267700195,75.0992202758789,10.7869215011597
811,0,614.595886230469,-26.0815277099609,84.9289627075195,29.4128704071045,6.97864007949829
812,0,580.451232910156,-65.449821472168,40.7344055175781,-12.380334854126,4.14011526107788
813,0,55.8643531799316,7.49229526519775,153.727203369141,80.6047134399414,6.50739669799805
814,0,1393.04150390625,147.792526245117,220.526962280273,184.145736694336,8.33293151855469
815,0,72.3971405029297,15.0339288711548,156.6884765625,85.8507537841797,2.5380585193634
816,0,157.00749206543,19.7207565307617,150.251617431641,84.9606781005859,7.91043567657471
817,0,628.525390625,103.978759765625,207.883773803711,155.920120239258,25.8608646392822
818,0,49.1438255310059,34.835376739502,171.191711425781,102.985900878906,1.19406461715698
819,0,508.757232666016,73.3175277709961,175.455352783203,124.370780944824,10.4528293609619
820,0,20.7830772399902,-29.9226245880127,119.705604553223,44.9022789001465,0.142048045992851
821,0,1099.89184570312,125.147117614746,197.949157714844,161.53092956543,17.4925670623779
822,0,146.753158569336,-24.1496295928955,95.1612243652344,35.4943389892578,5.54046106338501
823,0,339.191772460938,-83.0144348144531,56.001277923584,-13.5790939331055,7.44640779495239
824,0,209.846252441406,-58.2689666748047,66.4239120483398,4.06147480010986,6.79068183898926
825,0,1440.76818847656,143.649627685547,222.052459716797,182.838455200195,8.90763854980469
826,0,431.958251953125,83.9307174682617,195.659790039062,139.816314697266,27.7047729492188
827,0,244.483810424805,-48.9258766174316,82.4647521972656,16.8028564453125,6.2785177230835
828,0,240.353820800781,-23.2965965270996,110.249137878418,43.5406074523926,14.2504425048828
829,0,708.088195800781,107.274742126465,204.648574829102,155.995391845703,11.1024942398071
830,0,40.8590812683105,-149.107284545898,-2.08522868156433,-75.6218032836914,0.0307268891483545
831,0,593.216491699219,-85.9691925048828,59.0785255432129,-13.4515686035156,9.39389610290527
832,0,380.574371337891,73.5911026000977,194.219055175781,133.931686401367,32.9776191711426
833,0,503.450073242188,-24.5997123718262,91.0808563232422,33.2686653137207,14.5814762115479
834,0,30.4642448425293,52.4876823425293,218.269302368164,135.386489868164,6.48213052749634
835,0,195.110870361328,-139.926177978516,-9.11576175689697,-74.5319671630859,2.51090097427368
836,0,658.816589355469,-43.195140838623,88.0150680541992,22.4240970611572,4.45430135726929
837,0,224.019760131836,-46.3142242431641,87.6691207885742,20.7305202484131,7.12888669967651
838,0,1396.59313964844,176.27197265625,260.459869384766,218.381317138672,28.3120727539062
839,0,13.2291460037231,39.9169769287109,201.661148071289,120.754379272461,0.027552330866456
840,0,9.1601095199585,-149.374420166016,-46.6134300231934,-98.006103515625,0.189335823059082
841,0,305.384765625,-120.66227722168,14.1148805618286,-53.268238067627,3.12219095230103
842,0,546.73095703125,-126.637588500977,0.975705444812775,-62.8864898681641,4.71631622314453
843,0,456.258941650391,-59.6555976867676,65.8303604125977,3.06687498092651,3.54095315933228
844,0,60.5584144592285,15.4579629898071,158.019805908203,86.7341156005859,6.67102432250977
845,0,416.112884521484,-20.4222927093506,80.9199752807617,30.2764148712158,18.0790386199951
846,0,101.436683654785,3.58197689056396,135.290313720703,69.4019393920898,1.18460834026337
847,0,11.8556079864502,2.4037606716156,135.298828125,68.8166275024414,3.33893895149231
848,0,592.783508300781,34.0802536010742,140.384353637695,87.2110595703125,15.9625177383423
849,0,353.846130371094,-64.846076965332,67.4832382202148,1.32876265048981,3.21223592758179
850,0,190.361343383789,-34.0166244506836,94.5863418579102,30.2734794616699,7.67154169082642
851,0,361.633178710938,11.3137006759644,144.286209106445,77.745849609375,14.3677492141724
852,0,393.375854492188,-121.961799621582,32.2782783508301,-44.8107070922852,4.08405017852783
853,0,719.083862304688,92.1921539306641,187.029632568359,139.617691040039,12.6978845596313
854,0,676.366638183594,98.7236175537109,193.250473022461,145.969009399414,23.238920211792
855,0,37.9485511779785,42.418212890625,211.962478637695,127.149726867676,1.73685348033905
856,0,1280.943359375,152.964447021484,236.598999023438,194.837341308594,4.57699584960938
857,0,388.733154296875,-8.24331760406494,105.460327148438,48.5894355773926,22.270336151123
858,0,95.2752990722656,-93.0927124023438,60.5096397399902,-16.3435745239258,0.0206400137394667
859,0,1146.171875,153.953094482422,223.149688720703,188.568374633789,9.90944576263428
860,0,28.5186138153076,54.5158386230469,220.267135620117,137.38557434082,0
861,0,75.4967193603516,25.1228561401367,160.997802734375,93.0633010864258,2.13804054260254
862,0,59.6011352539062,25.0505104064941,163.895217895508,94.4719009399414,0.00224404083564878
863,0,369.340179443359,23.705940246582,151.581466674805,87.6104278564453,8.23548412322998
864,0,98.0984878540039,11.3789930343628,151.563079833984,81.4208145141602,1.02811777591705
865,0,37.6140556335449,14.8214979171753,181.127700805664,97.990348815918,0.313236862421036
866,0,519.042358398438,-13.3408679962158,93.1282424926758,39.831844329834,6.64710426330566
867,0,1803.35583496094,196.843338012695,263.081817626953,230.087646484375,25.6098766326904
868,0,28.5830764770508,32.4783134460449,184.869689941406,108.692543029785,0.114101223647594
869,0,536.154418945312,-22.3920345306396,80.4642715454102,29.0257434844971,8.49524974822998
870,0,1316.45397949219,169.182922363281,254.654632568359,211.845062255859,15.7402744293213
871,0,446.190399169922,-68.7839736938477,62.1686744689941,-3.34142971038818,14.2439117431641
872,0,598.533264160156,99.4140548706055,207.304962158203,153.373031616211,26.3572044372559
873,0,1174.35168457031,174.404663085938,253.905502319336,214.188873291016,21.9357242584229
874,0,895.496948242188,95.201545715332,183.001205444336,139.09342956543,13.9990119934082
875,0,227.623229980469,23.3331031799316,148.250885009766,85.7985763549805,8.82950019836426
876,0,30.1574783325195,50.6920890808105,195.728927612305,123.173370361328,7.45908546447754
877,0,424.132873535156,-2.45749044418335,98.3719787597656,47.9532241821289,39.1001815795898
878,0,584.924377441406,-20.0997581481934,97.2362442016602,38.5869216918945,4.99507665634155
879,0,333.396850585938,-46.1865501403809,90.1378402709961,21.9482192993164,5.3529691696167
880,0,1372.95434570312,141.684509277344,228.839584350586,185.253982543945,11.1074314117432
881,0,321.524505615234,-97.744384765625,40.4284133911133,-28.6751518249512,4.23290395736694
882,0,387.647644042969,33.4464683532715,165.136184692383,99.3200988769531,10.3022584915161
883,0,208.799468994141,-30.1950912475586,75.255012512207,22.5228042602539,2.24989223480225
884,0,1278.11376953125,179.783050537109,259.712646484375,219.844543457031,18.9916152954102
885,0,326.857482910156,-33.644603729248,98.3788757324219,32.3395538330078,8.44583225250244
886,0,335.591674804688,-21.0212898254395,111.809539794922,45.3738174438477,13.0891780853271
887,0,420.330078125,-46.8905754089355,65.5111312866211,9.32410526275635,18.3515777587891
888,0,36.5483932495117,44.2565994262695,199.313461303711,121.797439575195,1.15540957450867
889,0,1411.30847167969,152.405334472656,217.898727416992,185.210647583008,16.4404430389404
890,0,435.959442138672,35.101921081543,159.058044433594,97.0707778930664,16.7353630065918
891,0,281.650909423828,-14.4691467285156,120.475326538086,53.0181541442871,10.0355606079102
892,0,47.5280876159668,-2.4665424823761,144.619033813477,71.1012268066406,0.0857047736644745
893,0,149.604263305664,16.849027633667,147.16162109375,81.9892272949219,1.12782645225525
894,0,515.496826171875,49.6743431091309,144.880523681641,97.2855606079102,23.1410522460938
895,0,104.501281738281,-142.163970947266,2.34615993499756,-69.9173355102539,0.110132314264774
896,0,421.459045410156,-7.12549448013306,110.369873046875,51.619083404541,21.35671043396
897,0,236.549331665039,-119.784805297852,13.9553251266479,-52.9054298400879,0.859583020210266
898,0,138.799530029297,6.06552362442017,147.590881347656,76.8294525146484,2.51805114746094
899,0,190.720367431641,14.5004987716675,124.23616027832,69.3796615600586,6.71010398864746
900,0,275.834655761719,-70.421630859375,61.945484161377,-4.23708057403564,9.83117485046387
901,0,207.934951782227,-131.135482788086,-9.54299640655518,-70.380989074707,3.18377733230591
902,0,36.7785148620605,-41.4406242370605,111.647773742676,35.0783042907715,2.92763566970825
903,0,356.511993408203,14.0832691192627,137.255355834961,75.7382659912109,11.0264854431152
904,0,472.676910400391,-18.0666751861572,94.0486373901367,37.9973106384277,14.1852645874023
905,0,518.112487792969,97.7020721435547,203.521194458008,150.573928833008,28.5934295654297
906,0,381.350616455078,-111.878219604492,32.2045021057129,-39.8399887084961,0.0536870621144772
907,0,118.111251831055,-13.8203115463257,104.31477355957,45.2377128601074,2.98170733451843
908,0,32.8167343139648,28.6612815856934,200.444137573242,114.576721191406,1.58090674877167
909,0,84.7648849487305,-71.8650360107422,64.3959121704102,-3.76445937156677,2.15638303756714
910,0,113.916580200195,24.5265121459961,163.431518554688,93.9768753051758,5.70948314666748
911,0,353.419525146484,-72.8971786499023,54.9172744750977,-9.04030132293701,7.91675138473511
912,0,631.026062011719,112.564224243164,215.284698486328,163.919418334961,9.97513294219971
913,0,361.251098632812,-0.149731546640396,107.790115356445,53.7992210388184,14.4782476425171
914,0,57.0668296813965,-22.4699420928955,132.52424621582,55.0319328308105,1.49028360843658
915,0,158.73518371582,-124.251754760742,19.1676616668701,-52.5753135681152,0.0834906175732613
916,0,63.6257667541504,57.4075813293457,212.250015258789,134.824371337891,7.1006817817688
917,0,211.075942993164,-11.1525039672852,104.97469329834,46.9639205932617,6.98518037796021
918,0,1247.74841308594,163.934265136719,247.066635131836,205.437561035156,11.8533887863159
919,0,96.8051605224609,13.4312105178833,139.5205078125,76.4780883789062,3.13950896263123
920,0,43.0634536743164,55.4967041015625,208.358459472656,131.88801574707,8.65298175811768
921,0,1206.95349121094,132.432815551758,219.531936645508,175.962905883789,11.9463214874268
922,0,66.9582290649414,-137.406478881836,12.1006879806519,-62.664867401123,0.137806311249733
923,0,342.405456542969,-52.3627662658691,82.2866973876953,14.9426336288452,4.62516307830811
924,0,427.460968017578,22.444917678833,135.713516235352,79.0630874633789,10.0525188446045
925,0,177.279907226562,-40.1185874938965,92.4174118041992,26.126256942749,8.08418369293213
926,0,846.662048339844,40.4402809143066,136.283981323242,88.3406753540039,4.12888479232788
927,0,494.226104736328,83.7824783325195,204.937957763672,144.427673339844,22.5100841522217
928,0,290.544647216797,-23.0258903503418,104.834259033203,40.9104385375977,8.4162712097168
929,0,609.46337890625,-35.2984466552734,70.5282287597656,17.6300811767578,2.10436844825745
930,0,1248.26135253906,110.800193786621,187.098937988281,149.005905151367,10.0830459594727
931,0,356.908996582031,30.6170253753662,162.034271240234,96.3447494506836,20.5766162872314
932,0,580.433288574219,-27.5397872924805,91.7658157348633,32.0968208312988,9.85868263244629
933,0,197.489837646484,-134.221115112305,9.33381366729736,-62.4266929626465,0.037593349814415
934,0,1304.10095214844,163.110397338867,230.548553466797,196.804779052734,10.0835437774658
935,0,159.265197753906,-13.3211860656738,108.311973571777,47.4572525024414,5.49698114395142
936,0,1397.52722167969,98.0871887207031,211.248794555664,154.669860839844,3.39942479133606
937,0,134.586074829102,-136.934219360352,6.56485986709595,-65.2297439575195,0.0213023535907269
938,0,835.056213378906,117.487525939941,206.298080444336,161.853363037109,23.8621578216553
939,0,1107.3212890625,128.41178894043,204.493606567383,166.396392822266,11.0910482406616
940,0,1243.10681152344,127.662872314453,209.741958618164,168.723114013672,11.4920749664307
941,0,30.2982769012451,37.6958274841309,195.300857543945,116.463478088379,0.299822419881821
942,0,194.751235961914,-9.01821994781494,112.820518493652,51.9121551513672,3.88636469841003
943,0,1087.50463867188,134.982650756836,222.830978393555,178.90153503418,11.4555158615112
944,0,398.567596435547,14.0672912597656,147.175842285156,80.6388854980469,15.5838871002197
945,0,112.855628967285,50.0507392883301,194.78547668457,122.369987487793,11.4436912536621
946,0,1151.70239257812,142.281021118164,212.030471801758,177.189605712891,18.9336929321289
947,0,865.246765136719,119.880447387695,193.00456237793,156.531860351562,21.7913875579834
948,0,588.558471679688,57.8542137145996,157.789993286133,107.788475036621,6.32929611206055
949,0,26.0878219604492,35.8826332092285,211.028533935547,123.440483093262,0
950,0,977.400939941406,122.364387512207,188.937057495117,155.685699462891,15.8964099884033
951,0,485.66552734375,-27.4618663787842,84.4324722290039,28.372766494751,2.40741229057312
952,0,2101.54638671875,201.391952514648,274.420959472656,237.927276611328,28.9409599304199
953,0,41.7822685241699,-60.3546752929688,91.0179901123047,15.3034687042236,3.92511987686157
954,0,537.62890625,-26.0989036560059,78.9725875854492,26.4435787200928,12.6103191375732
955,0,377.043304443359,-58.4235916137695,75.5882034301758,8.56097888946533,0.908694267272949
956,0,1382.1083984375,202.826309204102,273.373901367188,238.136245727539,11.0975952148438
957,0,1108.64453125,158.653305053711,242.204666137695,200.448593139648,11.6668996810913
958,0,140.174240112305,-17.591178894043,111.850044250488,47.1124420166016,5.22919130325317
959,0,1176.38208007812,135.314575195312,218.432525634766,176.848709106445,16.3179225921631
960,0,199.923736572266,-59.593147277832,68.5297393798828,4.41775369644165,7.56016492843628
961,0,1409.06872558594,175.714447021484,254.623382568359,215.19123840332,10.8642997741699
962,0,206.403198242188,-64.4233932495117,70.1546783447266,2.78583097457886,9.50783061981201
963,0,651.773742675781,105.622375488281,210.37727355957,157.947494506836,22.4601192474365
964,0,480.526977539062,-85.749626159668,44.9010543823242,-20.4343852996826,11.6553354263306
965,0,393.769683837891,-96.7547149658203,44.0229263305664,-26.4233741760254,4.14772081375122
966,0,866.97607421875,98.6967315673828,181.374069213867,140.024520874023,6.61237287521362
967,0,233.395721435547,-51.4420509338379,82.9368286132812,15.7650966644287,6.23362255096436
968,0,62.2146759033203,44.4547920227051,167.274551391602,105.832511901855,12.4914665222168
969,0,430.330413818359,-41.8589401245117,69.6149444580078,13.8898029327393,15.5052347183228
970,0,25.839183807373,40.4205322265625,211.731430053711,126.083358764648,0
971,0,290.744110107422,10.5452880859375,137.504135131836,74.0378494262695,10.8853569030762
972,0,915.037719726562,142.498428344727,218.748748779297,180.647323608398,8.27866077423096
973,0,153.861404418945,30.4410991668701,128.931015014648,79.7337951660156,6.97920227050781
974,0,228.150482177734,-7.30227947235107,106.887145996094,49.7564468383789,9.45203304290771
975,0,1325.68566894531,166.449798583984,256.218505859375,211.361434936523,9.81008148193359
976,0,101.385246276855,-102.085472106934,30.7884674072266,-35.6383895874023,4.12431859970093
977,0,61.3211860656738,46.9985466003418,200.171890258789,123.662391662598,2.88529920578003
978,0,700.77783203125,95.1265335083008,194.328079223633,144.71907043457,19.8868618011475
979,0,266.980590820312,-98.4165573120117,18.9751453399658,-39.725528717041,2.01968264579773
980,0,219.161178588867,-99.4606628417969,20.8210201263428,-39.3425827026367,6.04310607910156
981,0,230.752746582031,38.9694786071777,167.838958740234,103.472671508789,9.85396575927734
982,0,409.072570800781,81.5584259033203,195.221862792969,138.45426940918,23.4742698669434
983,0,1370.14514160156,129.98600769043,213.28630065918,171.642166137695,8.16038131713867
984,0,361.012878417969,-65.9308319091797,65.34521484375,-0.314737558364868,3.75746965408325
985,0,708.251708984375,111.035194396973,195.887832641602,153.467987060547,15.7984561920166
986,0,154.277786254883,-40.4968528747559,85.5353851318359,22.5277423858643,6.78957891464233
987,0,585.734924316406,6.50134515762329,122.666130065918,64.5724792480469,15.3732423782349
988,0,626.930847167969,58.3356437683105,163.667541503906,110.980644226074,7.26072454452515
989,0,851.810424804688,128.63134765625,202.420181274414,165.455352783203,34.4559745788574
990,0,501.431304931641,-26.1798038482666,86.7202377319336,30.2502098083496,4.41567993164062
991,0,464.276336669922,-25.97216796875,85.0052032470703,29.3933658599854,9.55886936187744
992,0,1129.48315429688,127.304870605469,206.307647705078,166.815887451172,32.2367095947266
993,0,530.032470703125,24.9111347198486,126.899047851562,75.8872375488281,19.9638996124268
994,0,515.108520507812,-49.2010345458984,74.8729248046875,12.8590097427368,4.72065401077271
995,0,1049.86828613281,140.275634765625,208.924682617188,174.577667236328,20.0178527832031
996,0,179.137054443359,-58.2786521911621,75.779182434082,8.7286319732666,7.5843653678894
997,0,333.349639892578,-48.4993476867676,106.66918182373,29.0669116973877,9.51107311248779
998,0,112.153930664062,27.7130031585693,151.263626098633,89.4961853027344,4.37354612350464
999,0,370.008483886719,10.4491119384766,142.536834716797,76.5182189941406,12.226053237915
1000,0,206.28010559082,-92.0090560913086,40.1613121032715,-25.9708709716797,4.93358993530273
1001,0,487.873870849609,-18.3175773620605,88.2530059814453,35.0363922119141,10.5718030929565
1002,0,1275.51953125,132.155670166016,214.565277099609,173.361572265625,9.42241668701172
1003,0,16.0830211639404,-17.6470012664795,132.182205200195,57.273265838623,1.26174962520599
1004,0,817.831604003906,120.74690246582,200.718063354492,160.727172851562,12.0455846786499
1005,0,307.870697021484,-83.4645767211914,45.8661460876465,-18.7581214904785,7.253333568573
1006,0,1503.95861816406,172.443740844727,261.931915283203,217.166412353516,5.34490871429443
1007,0,39.8017234802246,-5.37694597244263,129.705444335938,62.2243804931641,2.35732936859131
1008,0,1368.83251953125,179.520538330078,265.523773193359,222.567932128906,21.0832004547119
1009,0,809.813903808594,112.867538452148,212.084457397461,162.480743408203,20.1784172058105
1010,0,20.2543754577637,22.9572467803955,161.713729858398,92.3164367675781,3.61315155029297
1011,0,1308.05419921875,148.927627563477,235.86164855957,192.381103515625,10.2542409896851
1012,0,54.3242454528809,55.7242774963379,190.417083740234,123.076950073242,8.9616174697876
1013,0,478.820465087891,85.1804656982422,195.490875244141,140.339965820312,28.4033336639404
1014,0,15.2523193359375,32.8957214355469,197.341583251953,115.087471008301,0.160990506410599
1015,0,440.580017089844,-142.912811279297,-11.2934007644653,-77.1142883300781,8.25758743286133
1016,0,1310.51281738281,169.803131103516,247.372528076172,208.603820800781,10.751091003418
1017,0,415.956359863281,38.9168548583984,168.788909912109,103.867576599121,17.7500839233398
1018,0,31.3940277099609,-28.0505828857422,125.294921875,48.6011009216309,1.12762057781219
1019,0,180.618576049805,-43.4263343811035,91.2222595214844,23.8864288330078,11.5537300109863
1020,0,340.123352050781,76.9279327392578,195.634582519531,136.375534057617,29.7995624542236
1021,0,40.6611480712891,-5.62772035598755,127.069747924805,60.7482032775879,0.622256278991699
1022,0,1247.30200195312,137.808578491211,226.164276123047,181.993057250977,20.5947647094727
1023,0,134.597930908203,40.311710357666,144.866683959961,92.6004333496094,3.65459752082825
1024,0,610.569519042969,85.9087219238281,166.922836303711,126.43025970459,27.614933013916
1025,0,1033.30261230469,121.835624694824,199.69010925293,160.860946655273,10.0382804870605
1026,0,59.5870742797852,8.54374599456787,144.410354614258,76.4450531005859,0.128130629658699
1027,0,147.509094238281,-2.08070635795593,114.694770812988,56.3040618896484,2.44658994674683
1028,0,396.423278808594,-82.2273864746094,55.5379981994629,-13.3789749145508,9.82807540893555
1029,0,35.0205497741699,55.4667320251465,218.503753662109,136.968627929688,0.0610397271811962
1030,0,592.501647949219,99.1479721069336,167.857070922852,133.44743347168,40.1552085876465
1031,0,429.932647705078,-77.5403289794922,56.6478729248047,-10.4816837310791,2.35179018974304
1032,0,267.694580078125,-9.54806327819824,123.724159240723,57.1131591796875,10.0558805465698
1033,0,414.735321044922,-113.888900756836,20.3079452514648,-46.8307113647461,2.78437519073486
1034,0,361.541320800781,13.9356050491333,137.337661743164,75.6164932250977,15.2468643188477
1035,0,14.1513986587524,9.19758701324463,173.504318237305,91.3354339599609,0.00133158045355231
1036,0,531.338745117188,19.1866264343262,121.23503112793,70.2130813598633,16.5152149200439
1037,0,38.0684852600098,43.429931640625,211.211730957031,127.303077697754,0.726666927337646
1038,0,369.068298339844,-109.677947998047,40.3195381164551,-34.6694297790527,3.71443200111389
1039,0,1294.4150390625,126.259284973145,206.370559692383,166.271041870117,9.98900127410889
1040,0,37.4704475402832,-49.8126449584961,97.8289260864258,24.0110492706299,1.65056836605072
1041,0,489.995910644531,83.3699798583984,194.130523681641,138.715713500977,25.779146194458
1042,0,1428.32946777344,125.350296020508,197.743789672852,161.576034545898,6.15518665313721
1043,0,993.980163574219,121.600936889648,195.532104492188,158.633026123047,7.81935405731201
1044,0,22.7208595275879,36.4576416015625,175.91650390625,106.157569885254,6.98228216171265
1045,0,1476.53186035156,146.111145019531,231.493896484375,188.758743286133,18.0268211364746
1046,0,223.83073425293,-16.8514003753662,104.31957244873,43.7841033935547,13.0013523101807
1047,0,316.957702636719,0.490030825138092,116.117454528809,58.3685302734375,22.6157035827637
1048,0,22.5625190734863,-53.2420349121094,61.4292869567871,4.07190990447998,3.65070295333862
1049,0,367.670532226562,27.3636169433594,157.510665893555,92.4730072021484,19.7560901641846
1050,0,33.1936988830566,42.2950248718262,219.82307434082,130.997467041016,0.0117092858999968
1051,0,8.3270149230957,-130.527542114258,-2.79978132247925,-66.6723403930664,0.829971671104431
1052,0,307.383666992188,-59.0859146118164,69.2543563842773,5.05264520645142,9.0609245300293
1053,0,27.5212745666504,52.5276832580566,221.185760498047,136.883651733398,0
1054,0,326.576629638672,-60.5676879882812,84.5489196777344,11.9660835266113,9.92179489135742
1055,0,269.6337890625,-61.7278518676758,78.7224349975586,8.51970481872559,9.07533550262451
1056,0,471.996673583984,75.9779510498047,197.972061157227,136.977127075195,21.083797454834
1057,0,323.568054199219,-133.302215576172,-14.5325794219971,-73.92529296875,2.26732134819031
1058,0,1059.28454589844,134.794876098633,224.015930175781,179.421768188477,13.4405355453491
1059,0,48.3490867614746,17.5963535308838,146.244003295898,81.9292755126953,0.303166508674622
1060,0,362.284759521484,24.8688182830811,156.901306152344,90.9060668945312,15.046911239624
1061,0,66.3780364990234,-133.637664794922,12.5521459579468,-60.5524253845215,0.303941756486893
1062,0,1374.99145507812,153.189636230469,225.227798461914,189.214248657227,9.07437896728516
1063,0,771.635620117188,101.867057800293,198.166366577148,150.052810668945,22.9881572723389
1064,0,87.8775329589844,-114.294578552246,16.7368774414062,-48.8365631103516,2.97142314910889
1065,0,974.508117675781,134.52978515625,217.668807983398,176.104141235352,18.437219619751
1066,0,384.116973876953,-47.0832977294922,75.0632629394531,13.9743947982788,18.7799263000488
1067,0,203.245559692383,-2.95630121231079,135.908187866211,66.4602661132812,15.0239496231079
1068,0,853.756774902344,122.984931945801,211.709060668945,167.32341003418,9.74548244476318
1069,0,399.797302246094,-71.8855209350586,68.5126953125,-1.72288072109222,8.09327220916748
1070,0,346.285888671875,-20.3591938018799,109.752502441406,44.7052955627441,11.6600618362427
1071,0,768.845947265625,20.5441627502441,122.387184143066,71.5140228271484,6.82427883148193
1072,0,689.235473632812,105.027519226074,208.364669799805,156.67805480957,22.0803565979004
1073,0,253.594940185547,2.63023281097412,116.291229248047,59.5323104858398,3.44818735122681
1074,0,316.205017089844,-17.4098300933838,96.4545211791992,39.5559768676758,15.1618356704712
1075,0,661.639404296875,36.3410797119141,137.204010009766,86.7354354858398,8.56542491912842
1076,0,193.872283935547,-17.5815715789795,111.638320922852,47.0702018737793,7.10351467132568
1077,0,51.8717956542969,60.0483245849609,214.451675415039,137.225112915039,10.2235765457153
1078,0,1023.72503662109,130.205307006836,202.895080566406,166.516967773438,9.89883995056152
1079,0,138.518020629883,-116.931213378906,2.37406802177429,-57.3387184143066,3.16672492027283
