"species","lon","lat","p"
0,108.8654696,34.96526941,0.539405345916748
0,108.8759112,34.95963801,0.539405345916748
0,108.8894934,34.86423375,0.539405345916748
0,108.8885167,34.86136558,0.539405345916748
0,108.8909423,34.82034372,0.511562645435333
1,108.9956585,34.9596855,0.539405345916748
1,108.8794646,34.8524983,0.539405345916748
1,114.0010216,36.53999532,0.554095804691315
0,114.9736465,36.78939217,0.698902726173401
1,114.5746337,36.72894118,0.908162951469421
0,78.872845,39.70859779,0.0618457235395908
1,108.8793512,34.85242444,0.539405345916748
0,107.8848332,34.44863902,0.437348812818527
1,107.8848332,34.44863902,0.437348812818527
0,107.8858063,34.43640702,0.437348812818527
1,107.8858063,34.43640702,0.437348812818527
0,107.8864133,34.41195745,0.437348812818527
1,107.8864133,34.41195745,0.437348812818527
0,107.8931021,34.45815762,0.437348812818527
1,107.8931021,34.45815762,0.437348812818527
0,107.8954636,34.46898239,0.437348812818527
1,107.8954636,34.46898239,0.437348812818527
0,107.896532,34.45761975,0.437348812818527
0,107.8966388,34.47152681,0.437348812818527
1,107.8966388,34.47152681,0.437348812818527
0,107.8966524,34.4594722,0.437348812818527
1,107.8966524,34.4594722,0.437348812818527
0,107.8977199,34.47324138,0.437348812818527
1,107.8977199,34.47324138,0.437348812818527
0,107.9001724,34.49480867,0.437348812818527
0,107.9006334,34.49760404,0.437348812818527
1,107.9006334,34.49760404,0.437348812818527
0,107.9011988,34.49566194,0.437348812818527
0,107.902311,34.4911605,0.437348812818527
0,107.9130634,34.48851156,0.437348812818527
1,107.9130634,34.48851156,0.437348812818527
0,107.9134153,34.44678996,0.437348812818527
1,107.9134153,34.44678996,0.437348812818527
0,107.9180207,34.45093955,0.437348812818527
1,107.9180207,34.45093955,0.437348812818527
0,108.032362,34.301211,0.573509991168976
0,108.0334447,34.30240581,0.573509991168976
0,108.0336821,34.3022783,0.573509991168976
0,108.0339503,34.30242897,0.573509991168976
0,108.060872,34.260459,0.573509991168976
1,108.070885,34.25926098,0.573509991168976
0,108.070893,34.25930634,0.573509991168976
0,108.0711994,34.26173258,0.573509991168976
0,108.2007516,34.36396236,0.493839710950851
1,108.2007516,34.36396236,0.493839710950851
0,108.2009282,34.34503418,0.493839710950851
1,108.2009282,34.34503418,0.493839710950851
0,108.2053532,34.37259519,0.493839710950851
0,108.2079756,34.37427958,0.493839710950851
1,108.2079756,34.37427958,0.493839710950851
0,108.2238237,34.38517921,0.493839710950851
1,108.2238237,34.38517921,0.493839710950851
0,108.2360387,34.39039326,0.493839710950851
0,108.2866216,34.41171866,0.493839710950851
1,108.2866216,34.41171866,0.493839710950851
0,108.4230832,34.43669172,0.515736818313599
1,108.4230832,34.43669172,0.515736818313599
0,108.4233169,34.4370089,0.515736818313599
1,108.4233169,34.4370089,0.515736818313599
0,108.4233302,34.43725628,0.515736818313599
1,108.4233302,34.43725628,0.515736818313599
0,108.4233484,34.43715901,0.515736818313599
1,108.4233484,34.43715901,0.515736818313599
0,108.424546,34.44007597,0.515736818313599
1,108.424546,34.44007597,0.515736818313599
0,108.4262201,34.43588899,0.515736818313599
0,108.4279815,34.43347951,0.515736818313599
1,108.4279815,34.43347951,0.515736818313599
0,108.4287103,34.43357595,0.515736818313599
1,108.4287103,34.43357595,0.515736818313599
0,108.4570313,33.28109515,-0.121069937944412
0,108.781484,34.91450711,0.230612233281136
0,108.7815768,34.91357716,0.230612233281136
0,108.7925979,34.88036859,0.230612233281136
0,108.7928153,34.88043054,0.230612233281136
0,108.7928293,34.88045565,0.230612233281136
0,108.7928414,34.88051164,0.230612233281136
0,108.792854,34.8805071,0.230612233281136
0,108.7989712,34.89154756,0.230612233281136
0,108.8177112,34.87142498,0.230612233281136
0,108.8231809,35.02030157,0.289480477571487
0,108.8327963,34.85800195,0.230612233281136
0,108.8351904,35.00162147,0.420920759439468
0,108.8352172,35.00160567,0.420920759439468
0,108.8464762,34.98925504,0.539405345916748
0,108.8584655,35.09529882,0.420920759439468
1,108.8584655,35.09529882,0.420920759439468
0,108.8607715,34.95093496,0.539405345916748
0,108.8621291,34.97601407,0.539405345916748
0,108.8630649,34.95141258,0.539405345916748
0,108.8662463,35.01670299,0.420920759439468
1,108.8662463,35.01670299,0.420920759439468
0,108.8667133,35.01813222,0.420920759439468
0,108.8717262,34.95007758,0.539405345916748
0,108.8717881,35.10024662,0.420920759439468
1,108.8717881,35.10024662,0.420920759439468
0,108.871885,34.94998896,0.539405345916748
0,108.8786213,34.85750993,0.539405345916748
1,108.8786213,34.85750993,0.539405345916748
0,108.8786256,34.85746735,0.539405345916748
1,108.8786256,34.85746735,0.539405345916748
0,108.8789595,34.8563895,0.539405345916748
1,108.8789595,34.8563895,0.539405345916748
0,108.881446,35.04335863,0.420920759439468
1,108.881446,35.04335863,0.420920759439468
0,108.8816565,35.04320613,0.420920759439468
1,108.8816565,35.04320613,0.420920759439468
0,108.8842575,34.83528932,0.539405345916748
1,108.8842575,34.83528932,0.539405345916748
0,108.8842916,34.83498581,0.539405345916748
1,108.8842916,34.83498581,0.539405345916748
0,108.8843888,34.8355091,0.539405345916748
1,108.8843888,34.8355091,0.539405345916748
0,108.8844752,34.83540956,0.539405345916748
0,108.8868098,34.84044172,0.539405345916748
1,108.8868098,34.84044172,0.539405345916748
0,108.887106,34.84044662,0.539405345916748
0,108.8883975,35.22738643,0.474280387163162
0,108.8884728,34.94742084,0.539405345916748
1,108.8884728,34.94742084,0.539405345916748
0,108.8884729,34.94742089,0.539405345916748
0,108.888474,34.94743244,0.539405345916748
0,108.8889915,34.83530855,0.539405345916748
1,108.8889915,34.83530855,0.539405345916748
0,108.8918871,34.94954288,0.539405345916748
0,108.8964254,34.95174766,0.539405345916748
0,108.9031479,34.92986832,0.539405345916748
1,108.9031479,34.92986832,0.539405345916748
1,108.907272,34.85173948,0.539405345916748
0,108.9076276,34.84954849,0.539405345916748
1,108.9076276,34.84954849,0.539405345916748
0,108.9086154,35.0076988,0.420920759439468
0,108.9090936,34.85137533,0.539405345916748
0,108.909359,35.00791311,0.420920759439468
0,108.9093643,35.00789165,0.420920759439468
0,108.9106517,34.85060593,0.539405345916748
0,108.9123537,34.84702843,0.539405345916748
0,108.9126715,34.84041809,0.539405345916748
0,108.9127203,34.84041344,0.539405345916748
1,108.9127203,34.84041344,0.539405345916748
0,108.9142447,35.10148267,0.420920759439468
1,108.9142447,35.10148267,0.420920759439468
0,108.9204755,34.80493181,0.511562645435333
1,108.9204755,34.80493181,0.511562645435333
0,108.9267187,35.03223869,0.420920759439468
0,108.9481254,35.10104595,0.420920759439468
0,108.9483217,35.10116167,0.420920759439468
0,108.948648,35.1074928,0.420920759439468
0,108.9487284,35.10739088,0.420920759439468
0,108.9487392,35.10737479,0.420920759439468
0,108.9487821,35.10732651,0.420920759439468
0,108.9487821,35.10733724,0.420920759439468
0,108.9487982,35.10730576,0.420920759439468
0,108.9488786,35.10709047,0.420920759439468
0,108.9489395,35.10729275,0.420920759439468
0,108.957247,35.08472731,0.420920759439468
0,108.9581857,34.95868871,0.539405345916748
0,108.9590405,34.94821602,0.539405345916748
0,108.9595257,34.37913718,0.8372762799263
1,108.9595257,34.37913718,0.8372762799263
0,108.960123,35.086282,0.420920759439468
0,108.96013,35.086287,0.420920759439468
0,108.960133,35.086289,0.420920759439468
0,108.96778,35.08508333,0.420920759439468
1,108.9677883,35.08505833,0.420920759439468
0,108.967858,35.08511782,0.420920759439468
1,108.967858,35.08511782,0.420920759439468
0,108.9678741,35.08515537,0.420920759439468
0,108.9679009,35.08518219,0.420920759439468
0,108.9679725,35.08526106,0.420920759439468
0,108.9680039,34.7663706,0.511562645435333
1,108.9680039,34.7663706,0.511562645435333
0,108.9680633,34.75707633,0.511562645435333
0,108.968603,35.086616,0.420920759439468
0,108.969163,34.719619,0.511562645435333
0,108.9703973,35.05443858,0.420920759439468
0,108.9718643,34.74866517,0.511562645435333
0,108.973615,34.75779667,0.511562645435333
0,108.9740891,34.73384409,0.511562645435333
0,108.9741383,34.76985,0.511562645435333
0,108.974423,34.72954367,0.511562645435333
0,108.9745278,34.72958918,0.511562645435333
0,108.9785066,34.77095431,0.511562645435333
0,108.981328,34.77057749,0.511562645435333
0,108.9830833,34.76157667,0.511562645435333
0,108.9833383,34.76668242,0.511562645435333
0,108.9843548,34.7170831,0.511562645435333
0,108.9843686,34.71707143,0.511562645435333
0,108.984375,38.27268854,-0.173115313053131
0,108.9849679,34.72229257,0.511562645435333
1,108.9849679,34.72229257,0.511562645435333
0,108.9880439,34.72274295,0.511562645435333
1,108.9880439,34.72274295,0.511562645435333
0,108.9900974,34.7326424,0.511562645435333
1,108.9900974,34.7326424,0.511562645435333
0,108.9921973,34.73678434,0.511562645435333
0,108.9924538,35.09429634,0.420920759439468
1,108.9924538,35.09429634,0.420920759439468
0,108.9925161,35.09418866,0.420920759439468
0,108.9927686,35.09898081,0.420920759439468
1,108.9927686,35.09898081,0.420920759439468
0,108.992866,34.76131469,0.511562645435333
0,108.9928962,34.7409188,0.511562645435333
1,108.9928962,34.7409188,0.511562645435333
0,108.994028,34.7326319,0.511562645435333
0,108.994304,34.757364,0.511562645435333
1,108.994304,34.757364,0.511562645435333
0,108.9965179,34.74159291,0.511562645435333
0,108.9966212,34.74215876,0.511562645435333
1,108.9966212,34.74215876,0.511562645435333
0,108.9966409,34.75413613,0.511562645435333
0,108.997933,34.73265403,0.511562645435333
1,108.997933,34.73265403,0.511562645435333
0,108.9979969,34.74030422,0.511562645435333
0,108.9988762,34.7426202,0.511562645435333
1,108.9988762,34.7426202,0.511562645435333
0,108.9992983,34.743365,0.511562645435333
0,108.9993305,34.74056774,0.511562645435333
0,108.9996129,34.74375271,0.511562645435333
0,108.9996213,34.75261889,0.511562645435333
0,109.0003979,34.74815733,0.563081800937653
0,109.0005532,34.74304277,0.563081800937653
1,109.0005532,34.74304277,0.563081800937653
0,109.0012097,34.74123601,0.563081800937653
0,109.0021753,34.74338794,0.563081800937653
1,109.0021753,34.74338794,0.563081800937653
0,109.0022209,34.7339326,0.563081800937653
0,109.0060328,34.74763189,0.563081800937653
0,109.0070158,34.74502614,0.563081800937653
0,109.0084372,34.74005243,0.563081800937653
0,109.0202817,35.09390573,0.540434241294861
0,109.1789577,35.4848617,0.299028754234314
0,109.1797929,35.48535313,0.299028754234314
0,109.1832062,35.4874106,0.299028754234314
0,109.1837766,35.48762916,0.299028754234314
0,109.1844567,35.48805236,0.299028754234314
0,109.1849433,35.48834146,0.299028754234314
0,109.1850774,35.48732679,0.299028754234314
0,109.1921567,35.48633191,0.299028754234314
0,110.503782,35.304622,0.572467744350433
1,110.503782,35.304622,0.572467744350433
0,110.50395,35.304524,0.572467744350433
0,110.507796,35.233174,0.572467744350433
1,110.507796,35.233174,0.572467744350433
0,110.520569,35.302297,0.572467744350433
0,110.52061,35.302063,0.572467744350433
0,110.520612,35.302261,0.572467744350433
0,110.520625,35.30225,0.572467744350433
0,110.520634,35.302242,0.572467744350433
1,110.520772,35.302126,0.572467744350433
0,110.520789,35.302095,0.572467744350433
0,110.5229989,35.3029455,0.572467744350433
1,110.5229989,35.3029455,0.572467744350433
0,110.5239462,35.30380025,0.572467744350433
1,110.5239462,35.30380025,0.572467744350433
0,110.532115,35.28353333,0.572467744350433
1,110.532115,35.28353333,0.572467744350433
0,110.533649,35.278051,0.572467744350433
1,110.533649,35.278051,0.572467744350433
0,110.5344833,35.27715167,0.572467744350433
1,110.5344833,35.27715167,0.572467744350433
0,110.53454,35.27716667,0.572467744350433
0,110.5345433,35.2772,0.572467744350433
1,110.5345433,35.2772,0.572467744350433
0,110.5346082,35.26884999,0.572467744350433
0,110.53578,35.27359833,0.572467744350433
1,110.53578,35.27359833,0.572467744350433
0,110.5405828,35.26581206,0.572467744350433
0,110.5406367,35.266005,0.572467744350433
0,110.5411467,35.26598833,0.572467744350433
0,110.5411793,35.26615663,0.572467744350433
0,110.5415667,35.2884,0.572467744350433
1,110.5415667,35.2884,0.572467744350433
1,110.5464017,35.28050167,0.572467744350433
0,110.5464317,35.280605,0.572467744350433
1,110.5464317,35.280605,0.572467744350433
0,110.5497133,35.28573167,0.572467744350433
1,110.5497133,35.28573167,0.572467744350433
0,110.550745,35.268225,0.572467744350433
0,110.550965,35.26834333,0.572467744350433
0,110.553531,35.27307287,0.572467744350433
0,110.553636,35.27195393,0.572467744350433
0,110.5612951,35.26955889,0.572467744350433
1,110.5612951,35.26955889,0.572467744350433
0,110.841362,35.401772,0.591753780841827
0,110.97358,35.055381,0.674876928329468
1,110.97358,35.055381,0.674876928329468
0,110.985947,35.051022,0.674876928329468
1,110.985947,35.051022,0.674876928329468
1,108.9019386,34.8528556,0.539405345916748
0,114.0938609,36.09832988,0.491252541542053
0,114.0943325,36.09852562,0.491252541542053
0,114.0943368,36.09861479,0.491252541542053
0,114.0947684,36.0985234,0.491252541542053
1,114.2737889,34.85095869,0.530410349369049
0,114.2738183,34.85097962,0.530410349369049
0,114.274828,34.850803,0.530410349369049
0,115.267776,35.26752037,0.528823733329773
1,108.949217,34.968296,0.539405345916748
1,108.37573,34.41624,0.515736818313599
1,108.436295,34.43644,0.515736818313599
1,105.71427,34.47156,0.71327406167984
1,108.443975,34.537414,0.572637975215912
1,108.25333,34.581516,0.565908551216125
1,108.113365,34.595066,0.458535075187683
1,108.94623,34.642586,0.718725621700287
1,109.034294,34.65892,0.673428535461426
1,108.267685,34.680305,0.623912513256073
1,108.973885,34.697205,0.511562645435333
0,108.973885,34.697205,0.511562645435333
1,108.977646,34.70466,0.511562645435333
1,108.98041,34.709254,0.511562645435333
0,112.44264,34.71291,0.748444795608521
1,112.44264,34.71291,0.748444795608521
1,108.993256,34.716007,0.511562645435333
1,109.00501,34.717228,0.563081800937653
0,109.00501,34.717228,0.563081800937653
1,108.97383,34.721912,0.511562645435333
0,108.97383,34.721912,0.511562645435333
1,108.99195,34.72619,0.511562645435333
1,109.02244,34.73033,0.563081800937653
1,109.015527,34.739896,0.563081800937653
0,108.99524,34.74158,0.511562645435333
1,108.99524,34.74158,0.511562645435333
1,108.90242,34.747723,0.511562645435333
0,104.83343,34.7514,0.868997812271118
1,108.96908,34.754726,0.511562645435333
1,108.992937,34.755577,0.511562645435333
1,108.9948,34.75906,0.511562645435333
0,108.9948,34.75906,0.511562645435333
0,108.95534,34.771072,0.511562645435333
1,108.95534,34.771072,0.511562645435333
1,108.97391,34.77445,0.511562645435333
1,108.983116,34.776478,0.511562645435333
0,108.983116,34.776478,0.511562645435333
1,108.96565,34.792908,0.511562645435333
0,108.97615,34.797348,0.511562645435333
1,108.97615,34.797348,0.511562645435333
1,108.90898,34.821465,0.511562645435333
1,108.90075,34.839485,0.539405345916748
0,108.90075,34.839485,0.539405345916748
0,108.907979,34.849209,0.539405345916748
1,108.907979,34.849209,0.539405345916748
1,108.915245,34.849403,0.539405345916748
0,108.915245,34.849403,0.539405345916748
1,108.89857,34.856106,0.539405345916748
0,108.832969,34.87101,0.230612233281136
0,108.798,34.887592,0.230612233281136
0,108.85193,34.890705,0.539405345916748
1,108.85193,34.890705,0.539405345916748
1,108.858498,34.89665,0.539405345916748
1,108.89061,34.898975,0.539405345916748
0,108.780876,34.91419,0.230612233281136
0,108.972206,34.91603,0.539405345916748
1,108.972206,34.91603,0.539405345916748
1,108.97394,34.91778,0.539405345916748
0,108.97394,34.91778,0.539405345916748
1,108.96904,34.919602,0.539405345916748
1,108.87367,34.959167,0.539405345916748
1,108.95999,34.969456,0.539405345916748
0,108.96395,34.970472,0.539405345916748
1,108.922523,34.992519,0.539405345916748
1,108.98219,35.024933,0.420920759439468
1,108.949535,35.035138,0.420920759439468
1,108.8346,35.052082,0.420920759439468
0,108.8346,35.052082,0.420920759439468
1,108.972944,35.058064,0.420920759439468
1,108.970825,35.06292,0.420920759439468
1,108.96576,35.069572,0.420920759439468
1,108.96559,35.07134,0.420920759439468
1,108.971948,35.077739,0.420920759439468
1,110.5683,35.16827,0.572467744350433
0,109.03659,35.194183,0.595167219638824
1,110.61293,35.267723,0.572467744350433
1,110.50964,35.268826,0.572467744350433
0,110.50964,35.268826,0.572467744350433
1,110.498184,35.27365,0.485128164291382
1,110.54089,35.27874,0.572467744350433
0,110.54089,35.27874,0.572467744350433
1,110.56014,35.279655,0.572467744350433
0,110.56014,35.279655,0.572467744350433
1,110.51954,35.28358,0.572467744350433
0,110.547844,35.301216,0.572467744350433
1,110.547844,35.301216,0.572467744350433
1,110.547485,35.301926,0.572467744350433
1,110.527374,35.302406,0.572467744350433
0,110.527374,35.302406,0.572467744350433
0,110.514208,35.309754,0.572467744350433
1,110.51719,35.310738,0.572467744350433
1,110.573425,35.312767,0.572467744350433
1,110.524324,35.317446,0.572467744350433
1,110.540835,35.329487,0.572467744350433
1,105.770422,35.377254,0.865822315216064
1,105.734146,35.435486,0.865822315216064
1,110.82557,35.45105,0.677761912345886
0,119.50884,35.523197,0.435925275087357
1,109.69702,35.674426,0.423094779253006
0,109.58798,35.701912,0.586317241191864
1,109.58798,35.701912,0.586317241191864
1,109.44243,35.737373,0.687299728393555
1,109.55319,35.737488,0.586317241191864
1,109.46975,35.749626,0.687299728393555
0,109.46975,35.749626,0.687299728393555
1,109.44864,35.75595,0.687299728393555
0,109.44864,35.75595,0.687299728393555
1,109.44408,35.77339,0.687299728393555
1,109.444824,35.787866,0.687299728393555
1,107.739456,35.82702,0.736885488033295
1,108.2174305,35.96439345,0.439318031072617
1,109.5784596,35.96457891,0.365747958421707
1,107.85101,35.984715,0.765030860900879
1,107.545746,35.995335,0.783276557922363
1,109.537451,35.995356,0.365747958421707
1,107.98725,36.067112,0.617079496383667
0,103.75021,36.06996,0.861192107200623
0,114.120476,36.079655,0.491252541542053
1,107.851121,36.089415,0.617079496383667
0,110.129364,36.53704,0.234905824065208
0,118.77011,36.551315,0.489900439977646
1,110.35737,36.61924,0.217205211520195
0,109.813481,36.681082,0.474660694599152
0,110.35082,36.70565,0.224317461252213
1,110.127674,36.847792,0.436121553182602
0,110.127674,36.847792,0.436121553182602
1,110.07681,36.87656,0.436121553182602
0,110.07681,36.87656,0.436121553182602
0,110.279925,36.928532,0.357888758182526
0,120.34701,37.10485,0.454857975244522
0,120.858283,37.129781,0.441663384437561
0,120.845024,37.134724,0.441663384437561
0,120.87417,37.15441,0.441663384437561
1,119.95742,37.187477,0.786527872085571
0,120.780525,37.19418,0.617452681064606
0,120.6755,37.261154,0.617452681064606
1,120.75141,37.311123,0.617452681064606
1,120.75909,37.315777,0.617452681064606
0,120.75566,37.320675,0.617452681064606
1,110.39635,37.336967,0.452490568161011
0,120.81172,37.3393,0.535848915576935
1,120.81172,37.3393,0.535848915576935
1,120.82651,37.342625,0.535848915576935
1,120.83792,37.379906,0.482956051826477
0,120.83792,37.379906,0.482956051826477
1,110.34271,37.44453,0.452490568161011
1,110.32404,37.453285,0.563655912876129
1,110.32305,37.453625,0.563655912876129
0,120.89707,37.46943,0.482956051826477
0,110.185585,37.478905,0.563655912876129
1,110.27416,37.50298,0.597314238548279
0,110.27416,37.50298,0.597314238548279
0,120.9708,37.517994,0.502437353134155
1,120.79515,37.545406,0.592355906963348
0,112.37959,37.586838,0.800442218780518
0,120.834816,37.609047,0.502437353134155
1,110.44601,37.638645,0.63671886920929
0,120.83981,37.654873,0.502437353134155
1,120.93021,37.657986,0.502437353134155
0,110.33202,37.690308,0.562713205814362
1,120.53224,37.690422,0.680468499660492
0,120.53224,37.690422,0.680468499660492
1,121.88591,39.195858,0.785765945911407
1,121.778625,39.242299,0.71272200345993
0,121.813416,39.261833,0.71272200345993
0,98.789345,39.43108,-0.0300097614526749
0,98.487474,39.786783,0.490301847457886
1,98.64422,39.808018,0.46002322435379
0,80.27076,41.1519,0.429403215646744
0,80.30867,41.252754,0.520363032817841
1,127.02009,43.92364,0.124714314937592
1,105.2459,34.85065,0.819633185863495
1,105.2061,34.59958,0.42118912935257
1,105.3594,34.7649,0.920216202735901
1,107.2143,35.48161,0.693969428539276
1,106.93,35.55836,0.705322980880737
1,107.6031,35.29842,0.651399612426758
1,105.769,35.31032,0.824028670787811
1,105.729,35.25686,0.824028670787811
1,105.7741,35.16865,0.824028670787811
1,105.7183,35.08535,0.783258616924286
1,105.7232,35.46861,0.865822315216064
1,105.7219,35.21247,0.824028670787811
1,106.9138,35.48206,0.678169131278992
1,107.0432,35.41133,0.677575647830963
1,105.4765,34.26437,0.812246024608612
1,105.3243,34.19708,0.824484348297119
1,105.4158,34.24378,0.812246024608612
1,105.9995,34.44763,0.769533157348633
1,105.8874,34.47668,0.769533157348633
1,105.8586,34.55483,1.00864827632904
1,105.7872,34.50759,0.907127916812897
1,107.9775,35.65879,0.702211558818817
1,107.8532,35.37529,0.733690023422241
1,107.8967,35.61616,0.702211558818817
1,108.2307,35.76626,0.531679749488831
1,106.4282,34.92928,0.35065159201622
1,105.8358,35.04372,0.827457666397095
1,107.8059,35.82949,0.736885488033295
1,107.8288,35.78574,0.736885488033295
1,107.7535,35.89863,0.722359359264374
1,107.8337,35.65728,0.702211558818817
1,107.5964,35.69838,0.861617743968964
1,107.7583,35.74343,0.736885488033295
1,107.4724,35.55178,0.62148255109787
1,107.3565,35.58652,0.62148255109787
1,105.8828,35.09036,0.827457666397095
1,106.1066,35.19679,0.798428952693939
1,109.6404,35.50803,0.699308693408966
1,109.6078,35.58897,0.699308693408966
1,109.591,35.70494,0.586317241191864
1,109.4409,35.77218,0.687299728393555
1,109.5688,35.85828,0.365747958421707
1,108.4528,34.64583,0.572637975215912
1,108.6023,34.43616,0.668498754501343
1,107.2692,36.69266,0.150388106703758
1,109.2573,35.56844,0.630039393901825
1,109.0599,35.61743,0.496802657842636
1,107.7961,35.20038,0.725566744804382
1,108.3657,34.53922,0.572637975215912
1,120.4404,40.49809,0.705146908760071
1,108.2079,34.33978,0.493839710950851
1,108.0673,34.2826,0.573509991168976
1,108.2037,34.10844,0.514797985553741
1,109.294,34.48988,0.811343789100647
1,108.1357,34.69016,0.613928198814392
1,110.169,36.05018,0.237753674387932
1,132.0207,46.44701,0.263268828392029
1,120.7195,36.97991,0.527750849723816
1,120.8476,37.33181,0.646253764629364
1,120.4855,37.63883,0.926815032958984
1,120.7312,37.79508,0.901454031467438
1,120.7951,37.79816,0.901454031467438
1,121.1352,37.50221,0.892289996147156
1,120.4145,37.34365,0.706611156463623
1,80.25808,41.22645,0.520363032817841
1,80.30529,41.32977,0.520363032817841
1,80.27194,41.15483,0.429403215646744
1,115.1034,40.60481,0.784813642501831
1,115.5246,40.41747,0.732578814029694
1,115.2086,40.37381,0.633138716220856
1,114.5499,38.42962,0.762767732143402
1,115.2296,37.92998,0.909515380859375
1,114.5627,37.04473,0.942223310470581
1,117.0065,39.75833,0.841457784175873
1,116.7915,40.01876,0.956774353981018
1,116.2845,37.69512,0.710932612419128
1,118.7029,39.73591,0.775680124759674
1,115.8298,38.42281,0.920975983142853
1,115.1384,38.83805,0.712357819080353
1,115.5052,38.77561,0.950906813144684
1,111.0549,34.05162,0.652311503887177
1,110.892,34.5089,0.8362056016922
1,111.0961,34.71984,0.824527323246002
1,111.189,34.77284,0.78908234834671
1,102.3337,35.88342,0.4554702937603
1,101.7788,36.60275,0.792946457862854
1,102.832,36.35028,0.492160230875015
1,102.9515,36.28235,0.474671959877014
1,102.0257,35.94011,0.504548609256744
1,102.3207,36.47386,0.495848417282104
1,101.8536,36.58037,0.772600829601288
1,102.4791,35.84351,0.4554702937603
1,101.4475,36.05149,0.532455146312714
1,105.9089,34.53902,1.00864827632904
1,105.5558,34.56248,0.903063476085663
1,105.5009,34.5597,0.903063476085663
1,105.644,34.60327,0.903063476085663
1,105.7104,34.47127,0.71327406167984
1,120.949,40.85481,0.803514242172241
1,120.8195,40.72228,0.854638040065765
1,105.8128,34.68276,0.856203675270081
1,105.9914,34.63819,1.00864827632904
1,105.9015,34.64976,1.00864827632904
1,111.1127,34.41605,0.39458492398262
1,110.9476,34.42388,0.555463850498199
1,110.9404,34.53704,0.8362056016922
1,110.8449,34.52789,0.8362056016922
1,111.6608,34.38018,0.509352922439575
1,111.2493,34.33246,0.478513449430466
1,112.7443,34.94146,0.61176609992981
1,114.7795,35.63555,0.472916305065155
1,113.7061,34.71211,0.910418748855591
1,115.1119,31.77896,0.0354021266102791
1,114.5726,34.46878,0.532846450805664
1,115.1885,34.63789,0.49071928858757
1,110.6651,35.34699,0.666725754737854
1,112.2942,32.938,0.289751261472702
1,110.7377,35.20919,0.603834450244904
1,110.5999,35.24551,0.572467744350433
1,110.6806,34.66079,0.634925067424774
1,110.9314,34.78846,0.637255191802979
1,111.0413,35.19894,0.646453619003296
1,111.2458,34.87806,0.732728362083435
1,111.2006,34.9765,0.732728362083435
1,119.9172,36.86932,0.809095501899719
1,120.996,37.08069,0.441663384437561
1,120.7892,37.19028,0.617452681064606
1,120.7011,37.18603,0.617452681064606
1,120.5786,37.11801,0.644453227519989
1,81.89624,41.79683,0.0920025259256363
1,75.86719,39.37309,0.543358981609344
1,77.13329,38.36349,0.316834300756454
1,81.8431,43.72794,0.199038103222847
1,79.92551,37.11503,0.504616022109985
1,82.99566,46.75049,0.417789101600647
1,87.60832,43.80811,0.79218590259552
1,88.14282,47.84309,-0.0483245141804218
1,89.2124,42.96021,0.10048296302557
1,93.52182,42.8085,0.322696387767792
1,103.646,27.45558,0.390850186347961
1,103.5911,27.37106,0.390850186347961
1,103.6441,27.35729,0.390850186347961
1,121.3041,38.90109,0.703303337097168
1,121.8041,39.26661,0.71272200345993
1,121.9638,39.39049,0.777956962585449
1,122.065,39.78451,0.556095540523529
1,122.1585,39.94054,0.546751201152802
1,119.9495,40.09864,0.856390833854675
1,119.8566,40.14749,0.856390833854675
1,120.2928,40.31371,0.653971314430237
0,82.9166666666671,36.2499999999999,-0.368693292140961
0,120.916666666667,28.7499999999999,-0.395898520946503
0,111.25,35.2499999999999,0.685498297214508
0,120.916666666667,50.2499999999999,-0.222824960947037
0,90.0833333333338,29.7499999999999,-0.247536867856979
0,93.9166666666671,33.0833333333332,-0.310481160879135
0,128.083333333334,44.7499999999999,-0.138869509100914
0,88.4166666666671,28.4166666666665,0.0502118282020092
0,86.7500000000005,28.4166666666665,-0.246302425861359
0,103.583333333334,34.5833333333332,0.145316541194916
0,89.0833333333338,37.7499999999999,-0.387074828147888
0,109.416666666667,29.9166666666666,-0.203893020749092
0,104.25,32.5833333333332,-0.185039803385735
0,76.7500000000004,39.2499999999999,0.180508658289909
0,114.75,28.7499999999999,-0.307984113693237
0,122.416666666667,41.7499999999999,0.292347282171249
0,107.083333333334,22.7499999999999,-0.0714500173926353
0,82.4166666666671,32.2499999999999,-0.330638259649277
0,87.4166666666671,35.5833333333332,-0.432229310274124
0,110.583333333334,41.7499999999999,-0.0559309720993042
0,107.416666666667,32.4166666666666,-0.265304267406464
0,78.4166666666671,35.5833333333332,-0.335928916931152
0,80.2500000000004,36.0833333333332,-0.236719965934753
0,101.25,28.4166666666665,-0.122487746179104
0,88.9166666666671,47.7499999999999,-0.370211273431778
0,111.083333333334,38.7499999999999,0.348591953516006
0,103.75,25.2499999999999,0.144128322601318
0,120.083333333334,30.4166666666666,0.384448200464249
0,95.5833333333338,38.0833333333332,-0.417031019926071
0,124.916666666667,42.4166666666666,0.0784969702363014
0,88.2500000000005,40.5833333333332,-0.302830100059509
0,83.2500000000004,33.0833333333332,-0.344959944486618
0,114.25,35.2499999999999,0.46116229891777
0,87.0833333333338,35.4166666666666,-0.356795191764832
0,122.750000000001,49.2499999999999,-0.275539696216583
0,94.7500000000005,41.0833333333332,-0.122864849865437
0,122.750000000001,50.0833333333333,-0.279724210500717
0,88.5833333333338,28.7499999999999,-0.244628190994263
0,107.75,28.7499999999999,0.0380411334335804
0,114.75,26.9166666666665,-0.0933751538395882
0,124.250000000001,53.0833333333333,-0.280912816524506
0,95.2500000000005,42.2499999999999,-0.115679048001766
0,81.5833333333338,39.4166666666666,-0.272978782653809
0,84.9166666666671,44.9166666666666,-0.224285840988159
0,100.083333333334,27.4166666666665,-0.129963681101799
0,111.583333333334,41.5833333333332,0.267705619335175
0,100.583333333334,37.2499999999999,-0.0978712365031242
0,110.083333333334,42.0833333333332,-0.0157128628343344
0,103.583333333334,36.7499999999999,0.0677730068564415
0,110.75,33.9166666666666,0.0269501153379679
0,91.7500000000005,36.2499999999999,-0.411360770463943
0,107.75,41.7499999999999,-0.125573322176933
0,86.0833333333338,31.7499999999999,-0.336329251527786
0,129.250000000001,47.9166666666666,-0.295973598957062
0,119.583333333334,25.9166666666665,0.327436655759811
0,97.2500000000005,29.2499999999999,-0.3012435734272
0,117.916666666667,28.7499999999999,-0.218585506081581
0,116.416666666667,40.4166666666666,0.27728545665741
0,91.5833333333338,41.9166666666666,-0.243617400527
0,93.7500000000005,27.7499999999999,-0.370347380638123
0,122.750000000001,41.4166666666666,0.296493083238602
0,83.9166666666671,39.9166666666666,-0.264729768037796
0,86.9166666666671,46.0833333333333,-0.241240635514259
0,100.25,34.5833333333332,-0.234882205724716
0,127.916666666667,46.4166666666666,-0.0732744932174683
0,91.0833333333338,39.0833333333332,-0.373769283294678
0,106.916666666667,35.0833333333332,0.411754369735718
0,124.083333333334,45.9166666666666,0.0421255640685558
0,96.4166666666671,32.4166666666666,-0.232403054833412
0,110.083333333334,26.9166666666665,-0.224460572004318
0,94.7500000000005,30.5833333333332,-0.240727514028549
0,115.416666666667,45.0833333333332,-0.204046949744225
0,110.916666666667,27.9166666666665,-0.263734698295593
0,119.583333333334,42.4166666666666,0.239453494548798
0,119.250000000001,30.2499999999999,-0.424960255622864
0,92.2500000000005,36.7499999999999,-0.308978378772736
0,105.083333333334,37.4166666666666,0.301989883184433
0,100.25,29.5833333333332,-0.359137833118439
0,77.9166666666671,35.9166666666666,-0.379033327102661
0,129.250000000001,44.2499999999999,0.294458299875259
0,87.2500000000005,40.4166666666666,-0.278727024793625
0,81.7500000000004,38.2499999999999,-0.260847210884094
0,110.583333333334,32.2499999999999,-0.280830174684525
0,131.416666666667,45.5833333333332,-0.06084805727005
0,95.9166666666671,37.0833333333332,-0.226077064871788
0,83.0833333333338,43.4166666666666,0.0335957296192646
0,94.9166666666671,36.2499999999999,-0.257115215063095
0,120.916666666667,41.9166666666666,0.149550020694733
0,109.75,25.9166666666665,-0.192077323794365
0,96.0833333333338,40.0833333333332,-0.200134679675102
0,126.916666666667,49.5833333333333,-0.244324877858162
0,73.9166666666671,39.5833333333332,-0.092309482395649
0,100.416666666667,27.7499999999999,0.0760832577943802
0,87.4166666666671,31.5833333333332,-0.326512545347214
0,81.5833333333338,37.9166666666666,-0.267994403839111
0,98.9166666666671,37.9166666666666,-0.317185282707214
0,109.083333333334,32.9166666666666,0.0518424287438393
0,103.75,30.4166666666666,0.230921611189842
0,118.250000000001,49.5833333333333,-0.131262198090553
0,114.25,26.0833333333332,-0.270741701126099
0,94.2500000000005,41.7499999999999,-0.141748532652855
0,125.750000000001,42.2499999999999,0.397400200366974
0,96.5833333333338,40.7499999999999,-0.0940530747175217
0,120.416666666667,49.9166666666666,-0.360864490270615
0,111.583333333334,24.5833333333332,-0.206186518073082
0,99.5833333333338,35.9166666666666,-0.359374076128006
0,114.916666666667,32.2499999999999,-0.102442264556885
0,85.5833333333338,35.0833333333332,-0.32507136464119
0,88.2500000000005,28.7499999999999,-0.285099774599075
0,89.9166666666671,38.5833333333332,-0.252152979373932
0,110.416666666667,24.4166666666665,-0.154625743627548
0,118.750000000001,41.0833333333332,0.363369077444077
0,77.4166666666671,36.9166666666666,-0.138416424393654
0,86.0833333333338,37.2499999999999,-0.392750710248947
0,108.583333333334,40.2499999999999,-0.132381930947304
0,87.7500000000005,46.0833333333333,-0.186860948801041
0,84.4166666666671,46.7499999999999,-0.232139229774475
0,84.9166666666671,31.9166666666666,-0.326449364423752
0,110.083333333334,39.9166666666666,0.0353840664029121
0,101.75,38.4166666666666,0.00494748912751675
0,102.75,33.4166666666666,-0.781773090362549
0,105.416666666667,28.0833333333332,0.039285734295845
0,96.4166666666671,36.4166666666666,0.0031205469276756
0,80.9166666666671,36.5833333333332,-0.183039829134941
0,109.25,32.7499999999999,0.119999893009663
0,106.416666666667,33.5833333333332,-0.209034889936447
0,124.250000000001,46.4166666666666,0.148413643240929
0,109.083333333334,40.7499999999999,-0.116034276783466
0,111.75,36.2499999999999,0.695712506771088
0,91.2500000000005,33.0833333333332,-0.297408401966095
0,119.416666666667,26.7499999999999,-0.196653664112091
0,123.416666666667,40.9166666666666,-0.0752585455775261
0,119.916666666667,46.5833333333333,-0.284075498580933
0,128.583333333334,42.5833333333332,-0.274147719144821
0,102.916666666667,39.9166666666666,-0.220482558012009
0,97.5833333333338,29.7499999999999,-0.228154525160789
0,89.0833333333338,46.5833333333333,-0.230986669659615
0,92.9166666666671,37.0833333333332,-0.169808819890022
0,108.083333333334,31.5833333333332,-0.161084353923798
0,80.0833333333338,37.7499999999999,-0.0816245675086975
0,101.583333333334,34.4166666666666,-0.282703369855881
0,120.416666666667,49.2499999999999,-0.114056378602982
0,92.9166666666671,33.2499999999999,-0.430413901805878
0,111.083333333334,35.4166666666666,0.501403510570526
0,98.5833333333338,41.2499999999999,-0.209376260638237
0,94.2500000000005,28.9166666666665,-0.18829320371151
0,110.25,36.4166666666666,0.0126780550926924
0,101.583333333334,41.9166666666666,-0.20930577814579
0,102.25,24.7499999999999,0.00373201537877321
0,129.916666666667,45.9166666666666,0.0264647118747234
0,116.750000000001,40.7499999999999,-0.00680153351277113
0,114.416666666667,34.2499999999999,0.443285942077637
0,118.083333333334,43.0833333333332,-0.0812645703554153
0,121.416666666667,30.9166666666666,0.446266412734985
0,99.7500000000005,25.7499999999999,-0.191530331969261
0,110.916666666667,24.7499999999999,-0.161617934703827
0,120.416666666667,32.0833333333332,0.262891978025436
0,107.916666666667,41.2499999999999,0.133651450276375
0,88.0833333333338,46.7499999999999,-0.252543687820435
0,80.0833333333338,38.0833333333332,-0.264074146747589
0,127.416666666667,48.9166666666666,-0.202953174710274
0,110.583333333334,39.0833333333332,0.294371068477631
0,91.9166666666671,38.5833333333332,-0.146078512072563
0,125.916666666667,41.7499999999999,0.305825978517532
0,112.083333333334,41.0833333333332,-0.0701764076948166
0,115.750000000001,22.9166666666665,0.159192606806755
0,119.750000000001,32.7499999999999,0.0899619534611702
0,87.5833333333338,45.4166666666666,-0.229442730545998
0,115.750000000001,29.0833333333332,-0.0213033705949783
0,91.7500000000005,29.7499999999999,-0.149154886603355
0,99.9166666666671,37.5833333333332,-0.283445596694946
0,102.25,30.0833333333332,-0.172134459018707
0,100.916666666667,37.4166666666666,-0.336447715759277
0,105.25,32.4166666666666,-0.135103568434715
0,125.416666666667,45.9166666666666,0.162660524249077
0,117.083333333334,39.4166666666666,0.779767155647278
0,103.083333333334,27.0833333333332,0.0445466600358486
0,86.2500000000005,43.5833333333332,-0.419143050909042
0,86.2500000000005,36.4166666666666,-0.414569854736328
0,77.2500000000004,38.4166666666666,0.446227490901947
0,77.7500000000004,41.0833333333332,-0.118968449532986
0,86.0833333333338,48.0833333333333,0.0977923944592476
0,107.25,38.0833333333332,-0.0855092257261276
0,104.75,39.2499999999999,-0.285070985555649
0,114.916666666667,27.9166666666665,-0.00259355409070849
0,120.083333333334,36.2499999999999,0.604951918125153
0,118.083333333334,45.0833333333332,-0.170048743486404
0,110.583333333334,32.7499999999999,0.110564492642879
0,93.4166666666671,43.2499999999999,-0.203097403049469
0,120.416666666667,29.2499999999999,-0.142090484499931
0,128.583333333334,43.9166666666666,-0.174420103430748
0,124.916666666667,52.0833333333333,-0.288261264562607
0,103.416666666667,24.5833333333332,0.0650764033198357
0,79.4166666666671,41.7499999999999,-0.273486435413361
0,97.5833333333338,37.0833333333332,-0.167615383863449
0,82.4166666666671,32.0833333333332,-0.329352468252182
0,117.416666666667,25.5833333333332,-0.316285759210587
0,112.083333333334,42.5833333333332,-0.140776485204697
0,106.583333333334,36.9166666666666,-0.0725769549608231
0,118.416666666667,30.2499999999999,-0.309184700250626
0,111.416666666667,32.0833333333332,-0.257530897855759
0,83.5833333333338,45.0833333333332,-0.163379579782486
0,89.0833333333338,37.0833333333332,-0.332222044467926
0,93.5833333333338,35.7499999999999,-0.410163313150406
0,82.2500000000004,33.9166666666666,-0.29031839966774
0,82.9166666666671,39.7499999999999,-0.240391939878464
0,92.2500000000005,29.5833333333332,-0.281274288892746
0,90.5833333333338,44.5833333333332,-0.149730116128922
0,120.583333333334,23.7499999999999,0.329026758670807
0,113.416666666667,34.0833333333332,0.530523180961609
0,82.5833333333338,33.9166666666666,-0.334758996963501
0,117.750000000001,43.5833333333332,-0.184282794594765
0,110.583333333334,33.7499999999999,-0.116150133311749
0,129.750000000001,49.0833333333333,-0.228268161416054
0,90.5833333333338,29.9166666666666,-0.218127191066742
0,116.416666666667,29.4166666666665,-0.108867332339287
0,106.75,28.2499999999999,-0.0477759838104248
0,88.0833333333338,30.2499999999999,-0.298735767602921
0,96.9166666666671,30.7499999999999,-0.282962054014206
0,117.750000000001,24.4166666666665,0.23228719830513
0,125.750000000001,50.0833333333333,0.149666950106621
0,103.416666666667,28.0833333333332,-0.00698972446843982
0,110.25,29.9166666666666,-0.240274325013161
0,117.916666666667,32.4166666666666,-0.0649508684873581
0,85.0833333333338,38.4166666666666,-0.266546130180359
0,127.083333333334,42.2499999999999,-0.125743746757507
0,119.250000000001,48.4166666666666,-0.00971344206482172
0,114.083333333334,22.5833333333332,0.463898569345474
0,115.750000000001,28.7499999999999,0.19263730943203
0,106.25,27.9166666666665,0.0892082750797272
0,118.750000000001,45.7499999999999,-0.156409695744514
0,128.416666666667,47.4166666666666,-0.18704080581665
0,118.083333333334,46.0833333333333,-0.162261366844177
0,101.916666666667,34.7499999999999,-0.334735453128815
0,112.75,34.5833333333332,0.576675713062286
0,117.750000000001,44.2499999999999,-0.220935925841331
0,91.4166666666671,37.4166666666666,-0.385757833719254
0,127.916666666667,45.5833333333332,0.0195122864097357
0,129.250000000001,49.0833333333333,-0.267704904079437
0,91.2500000000005,33.4166666666666,-0.206238076090813
0,87.2500000000005,46.0833333333333,-0.148432940244675
0,110.083333333334,22.4166666666665,0.00408568838611245
0,88.5833333333338,35.2499999999999,-0.430032402276993
0,104.75,36.9166666666666,0.193009898066521
0,100.416666666667,40.9166666666666,-0.155847102403641
0,82.9166666666671,31.2499999999999,-0.392804116010666
0,85.0833333333338,35.0833333333332,-0.336669474840164
0,101.583333333334,23.7499999999999,-0.145538553595543
0,115.916666666667,31.2499999999999,-0.198278173804283
0,102.083333333334,23.9166666666665,-0.241622596979141
0,89.9166666666671,46.9166666666666,-0.103639289736748
0,86.7500000000005,38.5833333333332,-0.23104827105999
0,113.583333333334,26.4166666666665,-0.299404621124268
0,91.0833333333338,40.9166666666666,-0.0938370078802109
0,95.7500000000005,40.2499999999999,-0.100762873888016
0,114.416666666667,29.9166666666666,0.110603801906109
0,125.750000000001,48.9166666666666,-0.0175156835466623
0,84.5833333333338,37.9166666666666,-0.0779590755701065
0,89.0833333333338,45.9166666666666,-0.249316722154617
0,118.083333333334,40.4166666666666,0.0859796702861786
0,83.0833333333338,41.4166666666666,0.195173561573029
0,114.083333333334,30.4166666666666,0.32529890537262
0,84.2500000000004,34.5833333333332,-0.327525913715363
0,91.5833333333338,44.2499999999999,-0.079466700553894
0,120.250000000001,28.4166666666665,-0.385266244411469
0,114.25,43.5833333333332,-0.10792014747858
0,98.5833333333338,36.4166666666666,-0.371082097291946
0,126.583333333334,42.7499999999999,0.0321225933730602
0,95.0833333333338,29.4166666666665,-0.267712891101837
0,98.7500000000005,33.5833333333332,-0.364051789045334
0,119.583333333334,45.4166666666666,0.0998570173978806
0,95.0833333333338,41.4166666666666,-0.113603338599205
0,118.083333333334,37.7499999999999,0.50285679101944
0,114.083333333334,29.4166666666665,-0.177288040518761
0,110.083333333334,39.2499999999999,0.268340587615967
0,86.9166666666671,44.9166666666666,-0.228500828146935
0,80.0833333333338,31.9166666666666,-0.236949488520622
0,100.75,37.2499999999999,-0.313338339328766
0,88.7500000000005,38.2499999999999,-0.38369157910347
0,111.25,37.4166666666666,0.427585244178772
0,86.7500000000005,40.9166666666666,-0.192171737551689
0,88.9166666666671,38.5833333333332,-0.265514105558395
0,102.25,27.5833333333332,0.155910447239876
0,80.2500000000004,38.4166666666666,-0.268182963132858
0,104.25,38.5833333333332,-0.26368048787117
0,117.083333333334,34.4166666666666,0.378943264484406
0,109.916666666667,33.2499999999999,0.0110655948519707
0,102.75,40.9166666666666,-0.20222295820713
0,116.583333333334,29.4166666666665,-0.0795070677995682
0,108.083333333334,35.9166666666666,0.676044225692749
0,126.250000000001,50.5833333333333,-0.302452385425568
0,121.250000000001,38.9166666666666,0.703303337097168
0,121.083333333334,47.4166666666666,-0.238778963685036
0,99.9166666666671,26.2499999999999,0.145280346274376
0,100.25,32.7499999999999,-0.29360443353653
0,123.083333333334,42.7499999999999,0.390259861946106
0,101.416666666667,39.5833333333332,-0.247546762228012
0,119.250000000001,36.7499999999999,0.657156050205231
0,81.5833333333338,43.2499999999999,-0.245102599263191
0,104.416666666667,30.2499999999999,0.134529620409012
0,111.916666666667,42.9166666666666,-0.14625383913517
0,114.583333333334,24.4166666666665,-0.303628623485565
0,96.2500000000005,31.7499999999999,-0.250599443912506
0,102.083333333334,26.2499999999999,0.17719554901123
0,101.75,29.7499999999999,-0.230406478047371
0,99.9166666666671,29.9166666666666,-0.266749411821365
0,78.5833333333338,37.0833333333332,-0.150224953889847
0,79.0833333333338,33.4166666666666,-0.261218816041946
0,104.916666666667,23.7499999999999,-0.257407009601593
0,110.75,19.5833333333332,-0.106344155967236
0,98.0833333333338,34.0833333333332,-0.37170884013176
0,106.583333333334,24.2499999999999,-0.354749143123627
0,102.75,26.0833333333332,0.0338686294853687
0,130.916666666667,44.9166666666666,-0.209556058049202
0,123.916666666667,52.9166666666666,-0.324754625558853
0,115.416666666667,43.9166666666666,-0.213184460997581
0,125.750000000001,47.2499999999999,-0.02867241948843
0,95.4166666666671,41.4166666666666,-0.0533784106373787
0,81.9166666666671,41.2499999999999,-0.235160604119301
0,117.750000000001,32.0833333333332,-0.110187351703644
0,110.75,37.7499999999999,0.345659762620926
0,90.5833333333338,31.7499999999999,-0.306030631065369
0,118.916666666667,41.7499999999999,0.103519678115845
0,84.0833333333338,34.9166666666666,-0.355922788381577
0,124.416666666667,52.5833333333333,-0.249538645148277
0,111.25,41.7499999999999,-0.159653976559639
0,85.4166666666671,28.4166666666665,-0.207177609205246
0,94.7500000000005,37.7499999999999,-0.181354612112045
0,121.583333333334,31.9166666666666,0.276587814092636
0,90.5833333333338,43.7499999999999,-0.176299780607224
0,105.083333333334,30.0833333333332,0.151014402508736
0,119.083333333334,44.2499999999999,0.0659765154123306
0,84.9166666666671,40.2499999999999,-0.277904182672501
0,87.2500000000005,42.9166666666666,-0.259270995855331
0,111.083333333334,23.0833333333332,-0.145475566387177
0,108.25,42.4166666666666,-0.171073108911514
0,109.25,41.7499999999999,-0.146727457642555
0,108.916666666667,25.5833333333332,-0.36156690120697
0,84.2500000000004,39.4166666666666,-0.272612303495407
0,119.583333333334,30.2499999999999,-0.265223056077957
0,96.0833333333338,30.7499999999999,-0.262421071529388
0,84.7500000000004,45.4166666666666,-0.125982731580734
0,117.083333333334,38.2499999999999,0.675408601760864
0,91.9166666666671,30.7499999999999,-0.309571474790573
0,105.916666666667,40.2499999999999,-0.222326725721359
0,107.416666666667,29.2499999999999,-0.145795062184334
0,104.916666666667,39.5833333333332,-0.207643941044807
0,103.75,39.4166666666666,-0.202415257692337
0,80.0833333333338,32.4166666666666,-0.146839752793312
0,123.916666666667,51.0833333333333,-0.305158078670502
0,104.916666666667,33.2499999999999,0.366520702838898
0,125.083333333334,42.2499999999999,0.107319220900536
0,80.5833333333338,38.4166666666666,-0.278795450925827
0,99.0833333333338,42.0833333333332,-0.261819064617157
0,117.583333333334,28.2499999999999,-0.20831073820591
0,93.4166666666671,28.0833333333332,-0.323836207389832
0,104.25,32.2499999999999,-0.249033153057098
0,113.75,44.2499999999999,-0.188269540667534
0,99.2500000000005,32.5833333333332,-0.337354421615601
0,106.416666666667,37.4166666666666,0.124836213886738
0,84.2500000000004,41.7499999999999,0.203293085098267
0,105.75,39.0833333333332,-0.0574148669838905
0,86.9166666666671,28.9166666666665,-0.274648725986481
0,86.4166666666671,40.9166666666666,-0.252456516027451
0,110.416666666667,32.7499999999999,-0.0929150581359863
0,95.4166666666671,32.5833333333332,-0.291355490684509
0,116.916666666667,32.4166666666666,0.0718052610754967
0,104.083333333334,41.4166666666666,-0.164252519607544
0,89.2500000000005,31.4166666666666,-0.350908309221268
0,129.416666666667,45.7499999999999,-0.242637559771538
0,95.5833333333338,38.9166666666666,-0.380159705877304
0,114.083333333334,24.9166666666665,-0.221895158290863
0,119.083333333334,43.0833333333332,-0.0459670461714268
0,129.416666666667,46.4166666666666,-0.0620905831456184
0,116.416666666667,28.0833333333332,-0.0187130868434906
0,111.083333333334,23.7499999999999,-0.24033597111702
0,128.916666666667,45.5833333333332,-0.119708806276321
0,110.583333333334,22.9166666666665,-0.0399096347391605
0,124.750000000001,48.5833333333333,0.195387452840805
0,112.75,25.5833333333332,-0.13954108953476
0,81.2500000000004,45.0833333333332,-0.227187126874924
0,109.083333333334,42.0833333333332,-0.208756983280182
0,120.083333333334,46.9166666666666,-0.252115458250046
0,100.583333333334,31.2499999999999,-0.298619538545609
0,79.9166666666671,38.7499999999999,-0.202695697546005
0,118.916666666667,42.9166666666666,0.245904386043549
0,95.4166666666671,38.0833333333332,-0.40006548166275
0,110.083333333334,23.5833333333332,-0.106174290180206
0,110.25,31.2499999999999,-0.0953212827444077
0,129.916666666667,44.0833333333332,-0.197745710611343
0,92.7500000000005,38.9166666666666,-0.143401652574539
0,111.25,37.5833333333332,0.449490457773209
0,104.916666666667,25.9166666666665,-0.086998425424099
0,115.416666666667,32.4166666666666,0.165628030896187
0,122.250000000001,44.0833333333332,0.0806882977485657
0,110.75,24.2499999999999,-0.375394940376282
0,113.416666666667,32.0833333333332,0.0696083903312683
0,118.416666666667,49.0833333333333,-0.22189673781395
0,123.250000000001,40.7499999999999,0.0867114216089249
0,127.583333333334,48.2499999999999,-0.270004063844681
0,125.750000000001,48.2499999999999,0.0241327099502087
0,119.916666666667,48.9166666666666,-0.210939273238182
0,92.2500000000005,30.4166666666666,-0.292530238628387
0,93.7500000000005,31.7499999999999,-0.238829001784325
0,100.916666666667,24.5833333333332,-0.0237727351486683
0,105.583333333334,26.0833333333332,0.0139757953584194
0,99.9166666666671,22.7499999999999,-0.253441244363785
0,75.2500000000004,38.4166666666666,-0.256285101175308
0,82.7500000000004,42.9166666666666,-0.366627156734467
0,108.083333333334,36.9166666666666,0.284344702959061
0,88.9166666666671,40.5833333333332,-0.295549988746643
0,106.916666666667,25.0833333333332,-0.336053937673569
0,108.75,31.9166666666666,-0.0727276057004929
0,107.25,28.9166666666665,-0.0589715950191021
0,107.75,28.5833333333332,-0.0178715530782938
0,96.7500000000005,40.7499999999999,-0.143768414855003
0,118.416666666667,31.0833333333332,0.0353995487093925
0,104.25,30.9166666666666,0.342601835727692
0,118.416666666667,39.4166666666666,0.678227305412292
0,108.583333333334,39.4166666666666,-0.146275773644447
0,96.9166666666671,32.4166666666666,-0.24441422522068
0,125.750000000001,44.4166666666666,0.248060911893845
0,115.416666666667,24.9166666666665,-0.244804695248604
0,107.25,36.7499999999999,0.150388106703758
0,84.0833333333338,36.2499999999999,-0.392775267362595
0,83.9166666666671,44.5833333333332,-0.0906187444925308
0,91.5833333333338,38.0833333333332,-0.274314194917679
0,100.25,42.4166666666666,-0.136302143335342
0,107.75,25.9166666666665,-0.25713911652565
0,121.083333333334,52.7499999999999,-0.309855908155441
0,110.25,42.0833333333332,-0.043851513415575
0,106.916666666667,26.2499999999999,-0.0232839267700911
0,112.75,35.0833333333332,0.45878541469574
0,85.0833333333338,35.7499999999999,-0.362800747156143
0,88.4166666666671,33.4166666666666,-0.43546861410141
0,87.7500000000005,45.2499999999999,-0.20065550506115
0,80.2500000000004,38.0833333333332,-0.221624448895454
0,119.750000000001,37.0833333333332,0.525474786758423
0,83.5833333333338,43.2499999999999,-0.388291418552399
0,96.0833333333338,33.2499999999999,-0.316745787858963
0,89.9166666666671,41.0833333333332,-0.252929300069809
0,117.250000000001,27.5833333333332,-0.271077573299408
0,80.9166666666671,31.0833333333332,-0.355936586856842
0,106.25,36.4166666666666,0.0456431657075882
0,117.416666666667,39.7499999999999,0.615588486194611
0,116.583333333334,42.5833333333332,-0.13204351067543
0,125.750000000001,43.2499999999999,0.049957849085331
0,125.250000000001,44.5833333333332,0.189898207783699
0,105.916666666667,29.0833333333332,0.0887082293629646
0,79.2500000000004,37.2499999999999,-0.0319779254496098
0,105.75,31.0833333333332,0.180046945810318
0,110.25,40.9166666666666,-0.10334275662899
0,98.4166666666671,34.5833333333332,-0.360983848571777
0,124.250000000001,40.4166666666666,0.180636659264565
0,119.083333333334,40.0833333333332,0.467830926179886
0,124.750000000001,46.9166666666666,-0.0546589866280556
0,82.7500000000004,37.7499999999999,-0.233620822429657
0,100.916666666667,28.2499999999999,-0.0449750013649464
0,106.583333333334,34.4166666666666,0.183110252022743
0,104.916666666667,33.7499999999999,0.488997519016266
0,88.2500000000005,37.9166666666666,-0.418551921844482
0,123.250000000001,52.9166666666666,-0.198440864682198
0,110.25,31.9166666666666,-0.241127923130989
0,104.583333333334,26.7499999999999,0.152419298887253
0,132.916666666667,46.5833333333333,0.19537752866745
0,122.083333333334,48.9166666666666,-0.253094673156738
0,118.583333333334,46.2499999999999,-0.164031535387039
0,85.2500000000005,29.7499999999999,-0.350292682647705
0,132.416666666667,47.0833333333333,-0.072205163538456
0,75.7500000000004,38.5833333333332,-0.0937652438879013
0,83.9166666666671,33.7499999999999,-0.438737452030182
0,96.9166666666671,40.4166666666666,0.224618762731552
0,112.75,27.4166666666665,-0.112634256482124
0,82.9166666666671,33.7499999999999,-0.405229032039642
0,82.5833333333338,42.4166666666666,-0.250525176525116
0,108.25,26.9166666666665,-0.112396717071533
0,83.7500000000004,45.5833333333332,-0.259783387184143
0,83.7500000000004,33.9166666666666,-0.402248293161392
0,98.0833333333338,42.5833333333332,-0.241002634167671
0,82.0833333333338,44.4166666666666,-0.235410764813423
0,120.250000000001,37.0833333333332,0.476956367492676
0,105.916666666667,31.5833333333332,0.240939661860466
0,107.416666666667,27.4166666666665,0.00919094774872065
0,79.5833333333338,39.5833333333332,-0.262509435415268
0,88.2500000000005,28.9166666666665,-0.246129542589188
0,91.4166666666671,38.7499999999999,-0.269338995218277
0,116.916666666667,44.0833333333332,-0.192045241594315
0,91.5833333333338,31.4166666666666,-0.249099567532539
0,105.25,33.0833333333332,0.111939609050751
0,88.2500000000005,37.7499999999999,-0.391696691513062
0,107.75,30.7499999999999,0.131061255931854
0,91.4166666666671,41.9166666666666,-0.229618713259697
0,120.583333333334,29.4166666666665,-0.248777538537979
0,82.7500000000004,31.2499999999999,-0.365631550550461
0,89.2500000000005,37.2499999999999,-0.337296485900879
0,88.5833333333338,31.4166666666666,-0.355890870094299
0,103.916666666667,31.0833333333332,0.151659458875656
0,130.083333333334,47.5833333333333,-0.297712117433548
0,118.750000000001,33.9166666666666,0.223293244838715
0,115.916666666667,36.5833333333332,0.634730458259583
0,113.416666666667,24.0833333333332,-0.121858961880207
0,111.583333333334,21.9166666666665,-0.204947590827942
0,103.25,25.4166666666665,0.147794932126999
0,119.083333333334,25.7499999999999,-0.251373708248138
0,89.5833333333338,38.5833333333332,-0.153749004006386
0,118.583333333334,25.9166666666665,-0.253246605396271
0,124.583333333334,48.2499999999999,0.149996250867844
0,105.75,36.4166666666666,0.0548654124140739
0,101.416666666667,23.0833333333332,-0.230603039264679
0,105.25,29.7499999999999,0.165886983275414
0,104.583333333334,29.0833333333332,0.0318220146000385
0,93.0833333333338,29.7499999999999,-0.403058648109436
0,100.75,34.7499999999999,-0.236362114548683
0,110.083333333334,28.9166666666665,-0.174093991518021
0,132.916666666667,45.4166666666666,0.00526835629716516
0,81.5833333333338,41.9166666666666,-0.0937722697854042
0,117.916666666667,41.2499999999999,0.3594771027565
0,78.0833333333338,37.9166666666666,-0.266416698694229
0,85.4166666666671,37.2499999999999,-0.159408241510391
0,103.083333333334,27.5833333333332,0.112649738788605
0,89.4166666666671,45.7499999999999,-0.210905000567436
0,114.416666666667,42.0833333333332,-0.0769603848457336
0,81.5833333333338,36.0833333333332,-0.215958878397942
0,84.2500000000004,32.4166666666666,-0.382730633020401
0,97.4166666666671,37.0833333333332,-0.173388853669167
0,126.583333333334,47.0833333333333,0.147440373897552
0,81.7500000000004,37.5833333333332,-0.258632779121399
0,76.0833333333338,37.0833333333332,-0.215738445520401
0,84.0833333333338,37.2499999999999,-0.0876194983720779
0,110.416666666667,28.2499999999999,-0.260012179613113
0,81.0833333333338,39.4166666666666,-0.262565732002258
0,102.75,31.7499999999999,-0.2872593998909
0,77.7500000000004,40.0833333333332,-0.225749313831329
0,98.7500000000005,41.2499999999999,-0.179773941636086
0,111.75,38.2499999999999,0.404897123575211
0,103.75,34.4166666666666,-0.135867714881897
0,104.25,29.7499999999999,0.0292221698909998
0,84.2500000000004,40.7499999999999,-0.267130315303802
0,89.2500000000005,34.2499999999999,-0.427450597286224
0,87.9166666666671,34.2499999999999,-0.401345789432526
0,86.0833333333338,29.2499999999999,-0.250396311283112
0,93.4166666666671,42.9166666666666,0.360815703868866
0,117.583333333334,43.4166666666666,-0.197150766849518
0,95.4166666666671,28.7499999999999,-0.310989230871201
0,81.4166666666671,37.7499999999999,-0.225086465477943
0,110.416666666667,27.9166666666665,-0.143140777945518
0,127.416666666667,45.9166666666666,0.157829001545906
0,97.4166666666671,32.7499999999999,-0.219375297427177
0,89.7500000000005,37.4166666666666,-0.313065618276596
0,112.583333333334,41.7499999999999,-0.23131175339222
0,111.583333333334,31.5833333333332,-0.252037525177002
0,104.75,36.5833333333332,0.535602152347565
0,107.25,41.7499999999999,-0.098987802863121
0,98.7500000000005,37.2499999999999,-0.382719367742538
0,93.7500000000005,33.9166666666666,-0.351234793663025
0,133.583333333334,47.4166666666666,-0.247793465852737
0,85.2500000000005,39.0833333333332,-0.267485380172729
0,117.083333333334,41.5833333333332,0.0392241440713406
0,93.7500000000005,42.0833333333332,-0.228836923837662
0,109.416666666667,35.9166666666666,0.512734591960907
0,99.5833333333338,39.7499999999999,-0.164353400468826
0,118.583333333334,24.9166666666665,0.47426438331604
0,90.4166666666671,30.9166666666666,-0.192556470632553
0,102.916666666667,33.9166666666666,-0.580798089504242
0,90.2500000000005,41.9166666666666,-0.188931778073311
0,106.25,28.4166666666665,-0.119313172996044
0,76.5833333333338,39.9166666666666,-0.161516338586807
0,101.75,30.4166666666666,-0.265397846698761
0,112.583333333334,23.9166666666665,-0.303619623184204
0,98.2500000000005,38.2499999999999,-0.3398756980896
0,85.2500000000005,31.2499999999999,-0.375184297561646
0,87.2500000000005,38.5833333333332,-0.225982919335365
0,83.2500000000004,40.4166666666666,-0.31308850646019
0,100.083333333334,35.9166666666666,-0.11780646443367
0,98.2500000000005,37.5833333333332,-0.394885778427124
0,79.4166666666671,32.9166666666666,-0.285056173801422
0,111.083333333334,30.4166666666666,-0.215718790888786
0,111.416666666667,43.2499999999999,-0.193441137671471
0,115.750000000001,24.9166666666665,-0.170080214738846
0,108.416666666667,41.4166666666666,0.0167214255779982
0,100.583333333334,29.4166666666665,-0.189655840396881
0,119.750000000001,40.4166666666666,0.307759881019592
0,83.9166666666671,42.9166666666666,-0.270737379789352
0,84.5833333333338,36.2499999999999,-0.399718165397644
0,109.75,36.7499999999999,0.474660694599152
0,121.750000000001,37.2499999999999,0.369286447763443
0,86.2500000000005,39.0833333333332,-0.282120615243912
0,97.7500000000005,30.0833333333332,-0.315671741962433
0,105.25,27.2499999999999,0.205752149224281
0,87.0833333333338,28.4166666666665,-0.210839614272118
0,115.916666666667,38.0833333333332,0.567435622215271
0,98.7500000000005,34.7499999999999,-0.363633394241333
0,112.583333333334,35.5833333333332,0.736752331256866
0,125.916666666667,50.7499999999999,-0.251513332128525
0,112.083333333334,36.5833333333332,0.152584552764893
0,90.5833333333338,36.5833333333332,-0.401142179965973
0,131.916666666667,46.7499999999999,0.128515213727951
0,80.9166666666671,34.4166666666666,-0.234734654426575
0,116.416666666667,41.0833333333332,-0.0242740139365196
0,116.750000000001,34.9166666666666,0.209492415189743
0,108.916666666667,36.7499999999999,0.286368906497955
0,121.750000000001,29.2499999999999,-0.00952717009931803
0,84.4166666666671,42.5833333333332,-0.375710070133209
0,121.250000000001,41.5833333333332,0.419831275939941
0,100.083333333334,25.9166666666665,0.211099028587341
0,124.750000000001,46.4166666666666,0.276456892490387
0,83.7500000000004,34.7499999999999,-0.331021457910538
0,111.083333333334,25.9166666666665,-0.00533587718382478
0,111.416666666667,41.5833333333332,0.112189367413521
0,105.083333333334,35.5833333333332,0.458132952451706
0,108.25,23.4166666666665,-0.119880422949791
0,124.750000000001,50.9166666666666,-0.271548271179199
0,117.083333333334,37.4166666666666,0.526189565658569
0,100.083333333334,36.5833333333332,-0.318463534116745
0,83.4166666666671,39.4166666666666,-0.243165016174316
0,112.583333333334,26.0833333333332,-0.196594700217247
0,80.0833333333338,39.4166666666666,-0.279592663049698
0,112.916666666667,22.2499999999999,-0.0216324161738157
0,125.583333333334,49.4166666666666,-0.0218901559710503
0,121.916666666667,42.2499999999999,0.381855249404907
0,118.250000000001,35.0833333333332,0.664421677589417
0,80.4166666666671,32.4166666666666,-0.268226206302643
0,126.083333333334,51.7499999999999,-0.295764803886414
0,95.4166666666671,39.9166666666666,-0.194941908121109
0,109.25,33.9166666666666,-0.127199083566666
0,90.9166666666671,38.9166666666666,-0.2794069647789
0,120.750000000001,41.4166666666666,0.187629148364067
0,107.583333333334,24.0833333333332,-0.174227207899094
0,107.416666666667,40.7499999999999,0.549933671951294
0,106.583333333334,38.0833333333332,0.369670629501343
0,121.750000000001,45.0833333333332,-0.179927110671997
0,118.250000000001,43.4166666666666,-0.0797376483678818
0,94.7500000000005,42.7499999999999,-0.200291305780411
0,83.9166666666671,43.0833333333332,-0.352150470018387
0,115.750000000001,26.4166666666665,-0.188170239329338
0,102.083333333334,27.0833333333332,0.0896942019462585
0,118.416666666667,41.9166666666666,-0.0198303014039993
0,100.583333333334,24.5833333333332,-0.034527812153101
0,116.250000000001,40.5833333333332,0.103286273777485
0,111.75,25.2499999999999,-0.236295059323311
0,105.416666666667,32.4166666666666,-0.211251303553581
0,116.250000000001,28.2499999999999,0.00287378486245871
0,89.0833333333338,44.7499999999999,-0.128952130675316
0,97.7500000000005,38.0833333333332,-0.354544162750244
0,97.4166666666671,42.4166666666666,-0.194630488753319
0,82.0833333333338,36.9166666666666,-0.0344867967069149
0,85.0833333333338,46.2499999999999,-0.246273472905159
0,78.0833333333338,39.4166666666666,0.0352945327758789
0,98.7500000000005,26.0833333333332,-0.274548798799515
0,93.0833333333338,36.0833333333332,-0.399159342050552
0,128.916666666667,42.7499999999999,-0.256402522325516
0,92.9166666666671,32.7499999999999,-0.322241276502609
0,116.083333333334,37.4166666666666,0.596445500850677
0,109.75,29.5833333333332,-0.280831933021545
0,86.5833333333338,35.7499999999999,-0.367929250001907
0,107.583333333334,25.7499999999999,-0.0167558901011944
0,82.2500000000004,39.9166666666666,-0.282417446374893
0,95.7500000000005,43.5833333333332,-0.138425529003143
0,94.2500000000005,38.7499999999999,-0.116384193301201
0,81.2500000000004,34.7499999999999,-0.273636043071747
0,102.083333333334,36.4166666666666,0.443733066320419
0,102.583333333334,38.0833333333332,0.441216319799423
0,87.5833333333338,31.9166666666666,-0.274464309215546
0,125.250000000001,53.0833333333333,-0.234997421503067
0,100.75,28.9166666666665,-0.0997258275747299
0,105.75,27.5833333333332,-0.0768493413925171
0,93.2500000000005,30.2499999999999,-0.334807366132736
0,117.916666666667,34.0833333333332,0.218697428703308
0,76.2500000000004,40.0833333333332,-0.0152595331892371
0,80.4166666666671,34.2499999999999,-0.264001339673996
0,120.083333333334,33.0833333333332,0.0631872266530991
0,83.0833333333338,32.2499999999999,-0.335274398326874
0,100.583333333334,39.7499999999999,-0.181495100259781
0,124.416666666667,40.9166666666666,-0.0611572675406933
0,104.75,26.7499999999999,0.210711479187012
0,93.7500000000005,36.5833333333332,-0.256766527891159
0,126.083333333334,44.9166666666666,0.294106900691986
0,122.416666666667,41.9166666666666,0.220953032374382
0,106.583333333334,31.5833333333332,-0.0333552621304989
0,101.75,38.2499999999999,0.182868406176567
0,104.916666666667,25.0833333333332,0.162826746702194
0,91.2500000000005,31.2499999999999,-0.289713680744171
0,86.2500000000005,43.2499999999999,-0.376717001199722
0,116.083333333334,48.4166666666666,-0.238824069499969
0,108.25,40.4166666666666,-0.241835042834282
0,112.083333333334,36.0833333333332,0.16405725479126
0,106.416666666667,29.0833333333332,0.0901532843708992
0,87.7500000000005,45.7499999999999,-0.189089700579643
0,113.583333333334,34.5833333333332,0.697822153568268
0,105.416666666667,38.9166666666666,-0.102827750146389
0,116.583333333334,36.5833333333332,0.495623737573624
0,132.583333333334,47.2499999999999,0.171642228960991
0,88.2500000000005,28.5833333333332,-0.196159332990646
0,80.9166666666671,34.9166666666666,-0.296531230211258
0,91.4166666666671,34.5833333333332,-0.423750132322311
0,88.2500000000005,29.5833333333332,-0.174237534403801
0,114.916666666667,31.2499999999999,0.170967146754265
0,106.75,28.9166666666665,0.181308925151825
0,129.083333333334,43.0833333333332,-0.169969812035561
0,113.416666666667,42.7499999999999,-0.195117637515068
0,91.7500000000005,41.5833333333332,-0.221614897251129
0,121.250000000001,50.0833333333333,-0.34817636013031
0,81.0833333333338,35.4166666666666,-0.0248365886509418
0,92.4166666666671,32.9166666666666,-0.32329273223877
0,100.916666666667,28.0833333333332,0.104169480502605
0,90.2500000000005,32.0833333333332,-0.437560170888901
0,89.7500000000005,34.5833333333332,-0.401879400014877
0,100.25,35.4166666666666,0.0265587028115988
0,84.7500000000004,30.4166666666666,-0.324949353933334
0,112.75,32.7499999999999,0.217799082398415
0,97.7500000000005,40.4166666666666,-0.207471013069153
0,103.083333333334,27.7499999999999,0.251626372337341
0,113.083333333334,41.5833333333332,-0.0224323812872171
0,123.583333333334,49.7499999999999,-0.294289916753769
0,128.583333333334,42.7499999999999,-0.379663705825806
0,111.916666666667,34.4166666666666,0.332339107990265
0,129.250000000001,45.0833333333332,-0.242209032177925
0,115.25,36.5833333333332,0.698600888252258
0,73.9166666666671,38.9166666666666,-0.221968665719032
0,98.4166666666671,31.7499999999999,-0.0880872011184692
0,90.0833333333338,29.0833333333332,-0.250772744417191
0,115.750000000001,40.4166666666666,0.636501967906952
0,107.416666666667,25.4166666666665,-0.0946528911590576
0,87.9166666666671,39.9166666666666,-0.274482488632202
0,115.416666666667,43.4166666666666,-0.198074340820312
0,99.9166666666671,37.4166666666666,-0.266525357961655
0,88.7500000000005,35.4166666666666,-0.45471116900444
0,112.25,24.4166666666665,-0.389585047960281
0,80.0833333333338,34.0833333333332,-0.31719583272934
0,102.416666666667,33.4166666666666,-0.563713431358337
0,102.75,32.7499999999999,-1.4479147195816
0,103.25,37.4166666666666,-0.0373255237936974
0,98.9166666666671,27.0833333333332,-0.209315359592438
0,126.750000000001,49.9166666666666,-0.30864492058754
0,82.5833333333338,40.0833333333332,-0.304207116365433
0,116.250000000001,47.9166666666666,-0.23772768676281
0,111.083333333334,22.2499999999999,-0.173480585217476
0,96.2500000000005,35.0833333333332,-0.282756984233856
0,107.25,37.2499999999999,-0.0680744647979736
0,105.75,35.0833333333332,0.783258616924286
0,112.25,33.9166666666666,0.0629589706659317
0,82.2500000000004,34.2499999999999,-0.37947291135788
0,79.4166666666671,39.4166666666666,-0.264897972345352
0,101.25,24.9166666666665,-0.169650003314018
0,113.416666666667,24.7499999999999,-0.137857511639595
0,123.250000000001,48.7499999999999,-0.192431673407555
0,112.416666666667,28.0833333333332,-0.0628624856472015
0,81.5833333333338,44.0833333333332,0.0134876808151603
0,119.416666666667,28.2499999999999,-0.507709741592407
0,108.583333333334,35.0833333333332,0.131171986460686
0,100.75,37.9166666666666,-0.326139986515045
0,93.5833333333338,41.7499999999999,-0.238974928855896
0,120.750000000001,30.0833333333332,0.29365473985672
0,88.9166666666671,47.0833333333333,-0.18111264705658
0,80.7500000000004,35.5833333333332,-0.313981711864471
0,117.083333333334,45.7499999999999,-0.199886783957481
0,112.083333333334,22.9166666666665,-0.0461544394493103
0,83.5833333333338,32.2499999999999,-0.30163562297821
0,117.250000000001,41.5833333333332,0.0632086768746376
0,115.750000000001,36.9166666666666,0.739638864994049
0,89.9166666666671,30.9166666666666,-0.298069924116135
0,121.416666666667,23.4166666666665,-0.331339985132217
0,83.7500000000004,43.0833333333332,-0.37711688876152
0,89.0833333333338,39.7499999999999,-0.285604447126389
0,107.583333333334,30.7499999999999,0.0737444460391998
0,116.583333333334,29.5833333333332,-0.163190469145775
0,82.4166666666671,35.5833333333332,-0.268668532371521
0,104.75,23.5833333333332,-0.349497824907303
0,107.75,35.9166666666666,0.722359359264374
0,89.5833333333338,29.7499999999999,-0.241555109620094
0,97.5833333333338,41.4166666666666,-0.23379473388195
0,118.416666666667,44.4166666666666,-0.306256741285324
0,118.416666666667,25.2499999999999,-0.00517582381144166
0,92.4166666666671,37.2499999999999,-0.208577960729599
0,79.4166666666671,34.7499999999999,-0.253845125436783
0,120.916666666667,29.2499999999999,-0.109527982771397
0,118.750000000001,43.0833333333332,-0.0395940914750099
0,81.7500000000004,38.4166666666666,-0.236706599593163
0,89.5833333333338,31.5833333333332,-0.36012390255928
0,100.416666666667,34.9166666666666,-0.200587317347527
0,100.416666666667,21.7499999999999,-0.254435330629349
0,99.9166666666671,41.2499999999999,-0.223929226398468
0,85.4166666666671,30.7499999999999,-0.287711948156357
0,93.5833333333338,43.4166666666666,-0.118546277284622
0,121.083333333334,28.9166666666665,-0.0484022609889507
0,115.083333333334,29.5833333333332,-0.137390002608299
0,115.583333333334,26.9166666666665,-0.243406102061272
0,128.583333333334,47.4166666666666,-0.263152867555618
0,107.916666666667,38.5833333333332,-0.140997380018234
0,106.416666666667,37.0833333333332,-0.0175923723727465
0,102.916666666667,31.0833333333332,-0.272368580102921
0,98.7500000000005,38.2499999999999,-0.365225583314896
0,117.750000000001,48.7499999999999,-0.214911609888077
0,104.75,25.0833333333332,0.0492649786174297
0,91.2500000000005,38.7499999999999,-0.265711903572083
0,127.416666666667,47.4166666666666,-0.0378042422235012
0,110.916666666667,24.2499999999999,-0.314994364976883
0,112.75,26.2499999999999,-0.0825767442584038
0,93.7500000000005,37.7499999999999,-0.260034143924713
0,102.083333333334,41.5833333333332,-0.231560990214348
0,93.2500000000005,31.0833333333332,-0.346560776233673
0,118.083333333334,31.7499999999999,0.103724338114262
0,114.416666666667,39.0833333333332,0.0382858291268349
0,84.5833333333338,43.7499999999999,-0.319164901971817
0,96.7500000000005,40.9166666666666,-0.139807358384132
0,83.5833333333338,33.0833333333332,-0.352858364582062
0,113.416666666667,22.5833333333332,0.350988239049911
0,80.0833333333338,36.5833333333332,-0.180225908756256
0,114.583333333334,32.9166666666666,0.255082547664642
0,88.5833333333338,28.0833333333332,-0.275209695100784
0,99.2500000000005,29.7499999999999,-0.336667329072952
0,103.25,23.2499999999999,-0.0109114944934845
0,82.4166666666671,30.9166666666666,-0.301195085048676
0,88.5833333333338,45.9166666666666,-0.248097598552704
0,82.2500000000004,34.4166666666666,-0.361485421657562
0,117.583333333334,27.2499999999999,-0.254595011472702
0,76.2500000000004,38.9166666666666,0.22045136988163
0,88.5833333333338,40.4166666666666,-0.288910686969757
0,103.083333333334,24.9166666666665,0.260199517011642
0,99.2500000000005,26.7499999999999,0.0223544854670763
0,93.7500000000005,43.9166666666666,-0.278083771467209
0,102.083333333334,41.9166666666666,-0.128871142864227
0,84.5833333333338,37.0833333333332,0.0262970682233572
0,115.916666666667,27.9166666666665,-0.223429754376411
0,126.083333333334,47.5833333333333,0.149441838264465
0,117.083333333334,43.0833333333332,-0.151416465640068
0,122.083333333334,50.5833333333333,-0.312982499599457
0,73.7500000000004,39.4166666666666,-0.243719175457954
0,116.583333333334,34.7499999999999,0.459397166967392
0,95.2500000000005,30.9166666666666,-0.341434627771378
0,116.583333333334,37.5833333333332,0.478874176740646
0,89.7500000000005,45.7499999999999,-0.219526261091232
0,106.25,30.2499999999999,0.124732054769993
0,110.75,41.5833333333332,-0.0679937973618507
0,87.7500000000005,46.4166666666666,-0.180280849337578
0,109.25,38.4166666666666,-0.162366524338722
0,120.583333333334,32.5833333333332,0.348776131868362
0,113.75,42.5833333333332,-0.163015574216843
0,107.583333333334,21.9166666666665,-0.282342553138733
0,128.250000000001,42.9166666666666,-0.266040682792664
0,112.25,24.7499999999999,-0.195880740880966
0,105.583333333334,23.4166666666665,-0.314100354909897
0,91.4166666666671,39.2499999999999,-0.234620869159698
0,114.583333333334,31.2499999999999,0.191314503550529
0,119.250000000001,43.7499999999999,-0.0207619816064835
0,104.75,34.4166666666666,0.127905413508415
0,106.25,31.4166666666666,0.177938729524612
0,106.916666666667,41.9166666666666,-0.112575583159924
0,121.750000000001,47.7499999999999,-0.287910580635071
0,112.083333333334,29.0833333333332,-0.131594762206078
0,98.5833333333338,39.9166666666666,-0.116119563579559
0,113.583333333334,30.7499999999999,-0.00595364440232515
0,87.2500000000005,46.9166666666666,-0.206875771284103
0,97.2500000000005,39.5833333333332,-0.244207993149757
0,100.25,22.9166666666665,-0.265512526035309
0,128.416666666667,42.9166666666666,-0.563669323921204
0,113.416666666667,27.2499999999999,-0.135280072689056
0,102.25,24.5833333333332,-0.0287692192941904
0,110.583333333334,27.7499999999999,-0.195117995142937
0,104.25,30.7499999999999,0.436315804719925
0,85.7500000000005,42.2499999999999,-0.142365500330925
0,119.083333333334,41.5833333333332,0.392987161874771
0,109.916666666667,26.7499999999999,-0.227114513516426
0,118.750000000001,34.0833333333332,0.311686933040619
0,122.416666666667,51.0833333333333,-0.282908141613007
0,129.750000000001,45.9166666666666,-0.138175219297409
0,112.083333333334,37.7499999999999,0.0512900091707706
0,99.0833333333338,26.2499999999999,-0.196055606007576
0,86.0833333333338,28.7499999999999,-0.280560910701752
0,121.083333333334,30.7499999999999,0.210034057497978
0,77.9166666666671,37.9166666666666,-0.268360316753387
0,99.4166666666671,38.7499999999999,-0.344772636890411
0,98.5833333333338,32.7499999999999,-0.303875118494034
0,111.75,29.0833333333332,0.0915136709809303
0,112.916666666667,29.0833333333332,-0.127582907676697
0,127.250000000001,49.9166666666666,-0.176286637783051
0,111.083333333334,30.7499999999999,-0.063004694879055
0,111.083333333334,26.9166666666665,-0.136696383357048
0,116.250000000001,45.4166666666666,-0.127388432621956
0,121.250000000001,43.5833333333332,0.222836688160896
0,100.583333333334,34.7499999999999,-0.189227402210236
0,124.250000000001,44.4166666666666,0.192926555871964
0,127.250000000001,42.4166666666666,0.24461717903614
0,107.25,37.0833333333332,-0.0298246182501316
0,121.416666666667,49.2499999999999,-0.266462445259094
0,98.5833333333338,30.7499999999999,-0.380499511957169
0,109.916666666667,39.5833333333332,0.352805405855179
0,119.250000000001,30.7499999999999,-0.32077157497406
0,107.25,26.0833333333332,-0.212749093770981
0,99.2500000000005,36.4166666666666,-0.210965186357498
0,118.750000000001,36.9166666666666,0.673620879650116
0,89.2500000000005,38.9166666666666,-0.231581687927246
0,85.9166666666671,32.2499999999999,-0.390594512224197
0,117.583333333334,25.5833333333332,-0.327239900827408
0,123.416666666667,48.4166666666666,0.0386631302535534
0,133.583333333334,46.7499999999999,-0.230453297495842
0,133.416666666667,46.0833333333333,-0.25725981593132
0,117.583333333334,26.0833333333332,-0.308490842580795
0,126.250000000001,45.4166666666666,0.269022762775421
0,125.083333333334,46.9166666666666,-0.0669450610876083
0,120.916666666667,29.0833333333332,-0.146302983164787
0,117.250000000001,32.0833333333332,0.128850549459457
0,94.7500000000005,34.2499999999999,-0.294990628957748
0,126.250000000001,48.0833333333333,0.136888191103935
0,100.916666666667,38.2499999999999,-0.154614508152008
0,91.7500000000005,44.4166666666666,-0.00371548417024314
0,98.0833333333338,25.2499999999999,-0.288926690816879
0,110.416666666667,34.0833333333332,0.182202383875847
0,121.750000000001,29.7499999999999,-0.0369480699300766
0,116.083333333334,30.4166666666666,-0.225658521056175
0,114.916666666667,33.9166666666666,0.436324119567871
0,87.5833333333338,34.7499999999999,-0.354062438011169
0,90.4166666666671,46.0833333333333,-0.158639267086983
0,112.583333333334,41.0833333333332,-0.178246304392815
0,114.083333333334,28.5833333333332,-0.362750649452209
0,87.0833333333338,39.7499999999999,-0.271953612565994
0,113.916666666667,36.4166666666666,0.184742391109467
0,85.5833333333338,35.7499999999999,-0.362774163484573
0,101.75,35.9166666666666,-0.374476850032806
0,91.5833333333338,38.9166666666666,-0.227786272764206
0,126.583333333334,48.9166666666666,-0.11594370752573
0,108.25,35.9166666666666,0.439318031072617
0,84.2500000000004,41.2499999999999,-0.065535806119442
0,89.9166666666671,29.7499999999999,-0.260850846767426
0,119.916666666667,32.9166666666666,0.157546624541283
0,95.9166666666671,30.0833333333332,-0.349991202354431
0,90.5833333333338,41.2499999999999,-0.27494415640831
0,121.416666666667,25.0833333333332,0.26572722196579
0,120.916666666667,52.2499999999999,-0.338198632001877
0,94.7500000000005,42.4166666666666,-0.202645301818848
0,114.25,42.7499999999999,-0.180216521024704
0,86.7500000000005,39.2499999999999,-0.28112268447876
0,108.583333333334,35.5833333333332,-0.102519176900387
0,104.416666666667,33.2499999999999,0.222185432910919
0,110.25,19.7499999999999,-0.104280509054661
0,109.75,33.4166666666666,-0.0607672072947025
0,94.2500000000005,39.7499999999999,-0.152698442339897
0,127.083333333334,47.0833333333333,0.177200675010681
0,107.583333333334,39.2499999999999,-0.052277959883213
0,120.750000000001,49.9166666666666,-0.386417508125305
0,120.916666666667,29.4166666666665,-0.120190873742104
0,78.2500000000004,36.2499999999999,-0.267939954996109
0,112.583333333334,41.4166666666666,-0.0714080035686493
0,122.750000000001,42.7499999999999,0.0891614407300949
0,87.9166666666671,35.9166666666666,-0.351053148508072
0,114.916666666667,42.5833333333332,-0.0991435796022415
0,107.583333333334,26.4166666666665,-0.0966576337814331
0,100.75,33.9166666666666,-0.29237362742424
0,97.0833333333338,39.0833333333332,-0.287507474422455
0,119.916666666667,31.5833333333332,0.289531081914902
0,116.416666666667,25.2499999999999,-0.138811945915222
0,79.9166666666671,34.7499999999999,-0.311889141798019
0,100.916666666667,27.5833333333332,0.0709210410714149
0,115.916666666667,29.4166666666665,-0.00536499731242657
0,124.916666666667,53.0833333333333,-0.268268018960953
0,109.083333333334,37.0833333333332,0.269435167312622
0,120.916666666667,45.7499999999999,-0.139805048704147
0,125.250000000001,40.9166666666666,0.00943674705922604
0,111.583333333334,40.5833333333332,0.469818443059921
0,87.0833333333338,45.0833333333332,-0.24218538403511
0,86.0833333333338,42.0833333333332,-0.181067928671837
0,90.5833333333338,35.9166666666666,-0.372324287891388
0,112.416666666667,24.5833333333332,-0.133008256554604
0,116.916666666667,33.7499999999999,0.339130043983459
0,106.416666666667,29.9166666666666,0.242408320307732
0,84.4166666666671,29.4166666666665,-0.280434131622314
0,86.9166666666671,29.7499999999999,-0.300805866718292
0,82.4166666666671,45.0833333333332,-0.110768005251884
0,104.583333333334,23.0833333333332,-0.389888852834702
0,90.0833333333338,42.2499999999999,-0.143605053424835
0,89.4166666666671,47.2499999999999,-0.272465407848358
0,101.75,30.7499999999999,-0.157383054494858
0,94.4166666666671,34.9166666666666,-0.386438697576523
0,89.7500000000005,40.7499999999999,-0.24322883784771
0,112.583333333334,43.7499999999999,-0.0990544334053993
0,127.083333333334,46.0833333333333,0.239468961954117
0,80.4166666666671,42.5833333333332,-0.295285940170288
0,124.250000000001,43.9166666666666,0.167159259319305
0,79.5833333333338,36.5833333333332,-0.0769655331969261
0,83.2500000000004,36.2499999999999,-0.367181718349457
0,121.416666666667,44.4166666666666,-0.0411740057170391
0,109.916666666667,28.7499999999999,-0.184778645634651
0,119.750000000001,40.0833333333332,0.402876764535904
0,100.75,38.4166666666666,0.0823746621608734
0,96.4166666666671,32.2499999999999,-0.158345490694046
0,122.083333333334,49.2499999999999,-0.307808130979538
0,93.5833333333338,40.0833333333332,-0.159419253468513
0,99.9166666666671,42.0833333333332,-0.140337735414505
0,92.7500000000005,37.2499999999999,-0.188218832015991
0,116.916666666667,26.5833333333332,-0.386350601911545
0,101.416666666667,30.2499999999999,-0.307572603225708
0,92.0833333333338,32.4166666666666,-0.32497701048851
0,101.25,31.9166666666666,-0.250922203063965
0,99.5833333333338,35.2499999999999,-0.23818165063858
0,90.7500000000005,41.5833333333332,-0.256858110427856
0,84.4166666666671,42.9166666666666,-0.271223664283752
0,106.416666666667,30.5833333333332,0.0877555981278419
0,109.25,18.9166666666665,-0.261697769165039
0,131.583333333334,47.5833333333333,-0.0779768079519272
0,87.7500000000005,42.2499999999999,-0.210255816578865
