"rID","infestation_percentage","bio2","bio3","bio8","bio9","bio13","bio14","bio15","bio18","bio19"
1,1,103,26,236,-2,118,5,78,279,18
2,1,98,26,213,-17,122,6,78,300,20
3,1,98,26,213,-17,122,6,78,300,20
4,1,98,26,213,-17,122,6,78,300,20
5,1,98,26,213,-17,122,6,78,300,20
6,1,98,26,213,-17,122,6,78,300,20
7,1,98,26,213,-17,122,6,78,300,20
8,1,98,26,213,-17,122,6,78,300,20
9,1,98,26,213,-17,122,6,78,300,20
10,1,103,26,236,-2,118,5,78,279,18
11,1,105,26,250,8,116,5,79,264,19
12,1,105,26,250,8,116,5,79,264,19
13,1,105,26,250,8,116,5,79,264,19
14,1,105,26,250,8,116,5,79,264,19
15,1,105,26,250,8,116,5,79,264,19
16,1,105,26,250,8,116,5,79,264,19
17,1,105,26,250,8,116,5,79,264,19
18,1,107,26,256,11,113,5,77,260,19
19,1,107,26,256,11,113,5,77,260,19
20,1,105,26,250,8,116,5,79,264,19
21,1,113,29,256,16,191,10,105,374,31
22,1,106,27,237,-7,110,5,78,262,16
23,1,106,27,237,-7,110,5,78,262,16
24,1,106,27,246,-1,110,5,76,258,17
25,1,99,27,237,14,113,5,75,288,18
26,1,99,27,237,14,113,5,75,288,18
27,1,99,27,237,14,113,5,75,288,18
28,1,99,27,237,14,113,5,75,288,18
29,1,99,27,237,14,113,5,75,288,18
30,1,99,27,237,14,113,5,75,288,18
31,1,99,27,237,14,113,5,75,288,18
32,1,99,27,237,14,113,5,75,288,18
33,1,99,27,237,14,113,5,75,288,18
34,1,99,27,237,14,113,5,75,288,18
35,1,99,27,237,14,113,5,75,288,18
36,1,103,26,236,-2,118,5,78,279,18
37,1,101,27,246,21,112,5,75,280,18
38,1,101,27,242,14,110,5,76,274,18
39,1,101,27,242,14,110,5,76,274,18
40,1,101,27,242,14,110,5,76,274,18
41,1,101,27,242,14,110,5,76,274,18
42,1,101,27,242,14,110,5,76,274,18
43,1,103,27,246,15,109,5,74,265,18
44,1,103,27,246,15,109,5,74,265,18
45,1,103,27,246,15,109,5,74,265,18
46,1,103,27,246,15,109,5,74,265,18
47,1,103,27,246,15,109,5,74,265,18
48,1,103,27,246,15,109,5,74,265,18
49,1,103,27,246,15,109,5,74,265,18
50,1,98,26,213,-17,122,6,78,300,20
51,1,98,26,213,-17,122,6,78,300,20
52,1,103,26,236,-2,118,5,78,279,18
53,1,103,26,236,-2,118,5,78,279,18
54,1,107,27,260,18,101,5,74,242,18
55,1,82,37,279,165,255,27,73,730,98
56,1,103,26,236,-2,118,5,78,279,18
57,1,68,34,284,182,340,27,72,898,105
58,1,105,26,250,8,116,5,79,264,19
59,1,103,26,236,-2,118,5,78,279,18
60,1,103,26,236,-2,118,5,78,279,18
61,1,105,26,250,8,116,5,79,264,19
62,1,103,26,236,-2,118,5,78,279,18
63,1,106,27,237,-7,110,5,78,262,16
64,1,106,27,237,-7,110,5,78,262,16
65,1,106,27,246,-1,110,5,76,258,17
66,1,106,27,237,-7,110,5,78,262,16
67,1,106,27,237,-7,110,5,78,262,16
68,1,106,27,237,-7,110,5,78,262,16
69,1,106,27,237,-7,110,5,78,262,16
70,1,106,27,237,-7,110,5,78,262,16
71,1,106,27,237,-7,110,5,78,262,16
72,1,103,26,236,-2,118,5,78,279,18
73,1,103,26,236,-2,118,5,78,279,18
74,1,103,26,236,-2,118,5,78,279,18
75,1,103,26,236,-2,118,5,78,279,18
76,1,103,26,236,-2,118,5,78,279,18
77,1,106,27,237,-7,110,5,78,262,16
78,1,106,27,237,-7,110,5,78,262,16
79,1,106,27,237,-7,110,5,78,262,16
80,1,106,27,237,-7,110,5,78,262,16
81,1,104,29,187,-22,103,3,81,275,12
82,1,96,29,158,-35,112,3,78,303,14
83,1,104,29,192,-16,106,3,79,281,13
84,1,104,28,197,-22,116,3,82,284,13
85,1,111,30,190,-30,114,3,85,281,11
86,1,98,27,202,-18,117,4,79,289,15
87,1,106,29,181,-33,105,3,83,267,11
88,1,106,29,181,-33,105,3,83,267,11
89,1,106,29,181,-33,105,3,83,267,11
90,1,105,29,187,-27,105,3,82,270,12
91,1,107,29,178,-39,105,3,83,261,11
92,1,106,29,181,-33,105,3,83,267,11
93,1,111,30,194,-24,116,3,83,286,11
94,1,107,29,197,-23,116,3,82,284,13
95,1,98,29,188,-9,109,3,79,297,13
96,1,100,30,189,-6,106,3,78,293,13
97,1,98,29,188,-9,109,3,79,297,13
98,1,96,28,191,-14,113,4,79,297,15
99,1,96,28,191,-14,113,4,79,297,15
100,1,100,28,200,-10,105,4,79,277,14
101,1,102,29,200,-10,102,4,77,274,14
102,1,101,27,206,-21,110,4,80,274,15
103,1,99,27,206,-19,112,4,79,281,15
104,1,101,27,206,-21,110,4,80,274,15
105,1,101,27,195,-32,110,4,81,279,15
106,1,95,28,158,-46,125,4,80,321,16
107,1,105,29,184,-30,109,3,81,278,12
108,1,100,27,196,-28,110,4,79,271,15
109,1,100,27,196,-28,110,4,79,271,15
110,1,102,27,193,-33,107,4,81,264,15
111,1,101,27,206,-21,110,4,80,274,15
112,1,99,27,192,-31,112,4,80,272,15
113,1,100,27,196,-28,110,4,79,271,15
114,1,102,28,198,-24,113,3,82,275,14
115,1,102,28,198,-24,113,3,82,275,14
116,1,105,29,184,-30,109,3,81,278,12
117,1,105,29,173,-40,114,3,84,286,12
118,1,106,27,211,-24,115,5,81,289,17
119,1,106,27,211,-24,115,5,81,289,17
120,1,108,28,204,-30,115,4,82,290,15
121,1,110,28,211,-24,114,4,82,288,15
122,1,111,28,199,-34,114,4,84,289,15
123,1,101,27,236,6,113,5,76,275,18
124,1,105,27,251,15,107,5,74,256,18
125,1,120,30,188,-49,91,2,88,213,9
126,1,108,27,216,-20,115,5,81,288,17
127,1,106,27,211,-23,116,5,82,290,17
128,1,98,27,207,-16,115,4,78,287,16
129,1,101,27,236,6,113,5,76,275,18
130,1,107,25,225,-66,171,3,112,396,11
131,1,109,26,225,-62,176,3,114,416,11
132,1,101,27,242,14,110,5,76,274,18
133,1,101,27,246,21,112,5,75,280,18
134,1,99,27,239,16,120,5,74,289,20
135,1,106,27,252,12,103,6,70,256,22
136,1,94,26,210,-10,118,5,76,302,19
137,1,115,29,208,-31,115,4,84,283,15
138,1,111,21,203,-160,132,5,91,320,17
139,1,81,22,231,-20,203,9,101,450,29
140,1,79,23,222,-22,192,9,97,433,31
141,1,89,24,235,-17,170,8,99,376,26
142,1,84,24,230,-9,148,5,99,324,20
143,1,83,24,228,-13,161,7,98,353,25
144,1,70,21,236,7,174,10,93,399,39
145,1,68,20,233,10,171,14,80,390,68
146,1,88,24,233,-21,179,8,99,397,27
147,1,145,31,228,-37,17,2,72,41,6
148,1,145,31,228,-37,17,2,72,41,6
149,1,147,32,234,-34,15,1,75,35,5
150,1,117,27,235,-61,118,2,112,269,9
151,1,122,28,225,-69,131,2,114,292,9
152,1,121,27,237,-58,123,2,114,283,9
153,1,122,29,259,-18,134,3,116,325,12
154,1,117,28,262,-18,138,4,122,315,14
155,1,114,28,263,-5,155,4,108,350,15
156,1,109,26,251,-6,209,2,139,417,11
157,1,115,27,250,-31,206,3,136,420,12
158,1,101,25,266,-8,132,5,113,324,16
159,1,113,27,241,-42,215,4,125,473,13
160,1,112,26,264,-19,142,3,127,328,12
161,1,127,29,256,-30,153,2,126,349,11
162,1,117,28,262,-20,161,2,131,382,11
163,1,113,30,220,-1,143,8,74,325,28
164,1,111,28,240,3,107,7,76,252,21
165,1,111,28,242,1,103,6,77,244,20
166,1,113,29,237,-2,111,7,78,258,21
167,1,141,36,147,-60,96,2,88,246,8
168,1,140,35,150,-59,85,1,93,224,5
169,1,134,34,153,-63,92,2,90,221,8
170,1,137,34,167,-56,90,2,87,213,8
171,1,144,37,142,-62,93,2,89,247,7
172,1,136,35,146,-62,90,2,90,231,7
173,1,138,35,150,-58,85,1,90,226,6
174,1,141,36,147,-60,96,2,88,246,8
175,1,148,37,158,-62,84,1,92,223,6
176,1,100,28,200,-10,105,4,79,277,14
177,1,101,29,192,-14,108,3,79,286,13
178,1,101,29,192,-14,108,3,79,286,13
179,1,101,29,192,-14,108,3,79,286,13
180,1,97,28,185,-17,113,4,78,300,15
181,1,108,25,229,-66,175,3,112,394,10
182,1,109,25,225,-68,174,3,113,399,10
183,1,103,29,194,-16,104,3,79,275,13
184,1,100,28,200,-10,105,4,79,277,14
185,1,100,28,200,-10,105,4,79,277,14
186,1,105,29,208,-15,135,9,74,313,28
187,1,107,29,220,-7,126,8,74,293,25
188,1,111,28,240,3,107,7,76,252,21
189,1,111,28,240,3,107,7,76,252,21
190,1,118,30,234,2,132,8,76,298,26
191,1,114,30,223,-2,136,8,74,309,27
192,1,119,30,247,14,142,8,78,312,27
193,1,115,29,271,9,177,7,104,370,26
194,1,111,29,250,15,149,7,82,333,28
195,1,90,26,268,39,218,25,57,517,104
196,1,109,28,266,16,195,12,99,395,41
197,1,108,28,266,14,188,12,91,392,40
198,1,110,27,241,-4,110,5,80,261,16
199,1,104,29,254,31,169,15,68,394,52
200,1,106,27,234,-8,112,5,79,264,17
201,1,106,27,237,-7,110,5,78,262,16
202,1,111,28,245,7,107,7,74,252,21
203,1,108,28,238,-2,103,7,76,246,21
204,1,110,28,239,-5,115,5,79,267,17
205,1,109,28,225,-11,116,7,78,271,22
206,1,109,28,225,-11,116,7,78,271,22
207,1,91,25,239,-19,189,9,96,414,30
208,1,80,23,228,-17,197,9,99,445,31
209,1,82,23,225,-22,191,9,99,425,29
210,1,82,23,225,-22,191,9,99,425,29
211,1,83,23,228,-24,197,9,100,434,29
212,1,146,31,225,-68,22,2,72,60,6
213,1,128,29,229,47,11,2,42,23,11
214,1,137,30,233,46,9,1,64,19,5
215,1,127,27,197,-93,33,9,42,83,28
216,1,123,29,237,51,7,0,75,16,5
217,1,130,27,194,-81,33,15,25,77,60
218,1,109,23,201,-113,34,7,44,83,23
219,1,121,25,171,-131,32,7,44,76,28
220,1,151,27,306,78,4,0,56,9,3
221,1,149,28,256,-36,8,1,57,20,3
222,1,104,39,187,44,172,7,86,461,22
223,1,104,39,187,44,172,7,86,461,22
224,1,104,39,187,44,172,7,86,461,22
225,1,79,22,227,-25,166,6,102,380,23
226,1,77,21,228,-37,176,7,100,404,27
227,1,79,21,228,-27,179,8,101,411,29
228,1,83,21,225,-61,186,8,102,427,27
229,1,86,21,225,-67,188,8,104,430,27
230,1,111,27,229,-50,194,3,117,448,10
231,1,111,27,229,-50,194,3,117,448,10
232,1,109,26,227,-57,178,3,114,428,11
233,1,103,26,236,-2,118,5,78,279,18
234,1,103,27,246,15,109,5,74,265,18
235,1,103,27,246,15,109,5,74,265,18
236,1,97,28,185,-17,113,4,78,300,15
237,1,101,27,236,6,113,5,76,275,18
238,1,99,26,232,4,114,5,76,283,19
239,1,97,26,225,2,115,5,76,292,19
240,1,107,26,262,17,113,5,79,253,18
241,1,108,26,263,17,114,5,78,258,18
242,1,105,26,250,8,116,5,79,264,19
243,1,105,26,250,8,116,5,79,264,19
244,1,128,31,243,6,143,8,77,309,29
245,1,105,26,250,8,116,5,79,264,19
246,1,107,26,256,11,113,5,77,260,19
247,1,105,26,250,8,116,5,79,264,19
248,1,105,26,250,8,116,5,79,264,19
249,1,107,26,256,11,113,5,77,260,19
250,1,107,26,256,11,113,5,77,260,19
251,1,105,26,250,8,116,5,79,264,19
252,1,105,26,250,8,116,5,79,264,19
253,1,105,26,250,8,116,5,79,264,19
254,1,105,26,250,8,116,5,79,264,19
255,1,105,26,250,8,116,5,79,264,19
256,1,105,26,250,8,116,5,79,264,19
257,1,105,26,250,8,116,5,79,264,19
258,1,105,26,250,8,116,5,79,264,19
259,1,105,26,250,8,116,5,79,264,19
260,1,105,26,250,8,116,5,79,264,19
261,1,105,26,250,8,116,5,79,264,19
262,1,103,26,236,-2,118,5,78,279,18
263,1,103,26,236,-2,118,5,78,279,18
264,1,103,26,236,-2,118,5,78,279,18
265,1,103,26,236,-2,118,5,78,279,18
266,1,103,26,236,-2,118,5,78,279,18
267,1,103,26,236,-2,118,5,78,279,18
268,1,103,26,236,-2,118,5,78,279,18
269,1,103,26,236,-2,118,5,78,279,18
270,1,103,26,236,-2,118,5,78,279,18
271,1,103,26,236,-2,118,5,78,279,18
272,1,103,26,236,-2,118,5,78,279,18
273,1,103,26,236,-2,118,5,78,279,18
274,1,98,26,213,-17,122,6,78,300,20
275,1,98,26,213,-17,122,6,78,300,20
276,1,98,26,213,-17,122,6,78,300,20
277,1,98,26,213,-17,122,6,78,300,20
278,1,98,26,213,-17,122,6,78,300,20
279,1,98,26,213,-17,122,6,78,300,20
280,1,98,26,213,-17,122,6,78,300,20
281,1,98,26,213,-17,122,6,78,300,20
282,1,106,27,237,-7,110,5,78,262,16
283,1,106,27,237,-7,110,5,78,262,16
284,1,106,27,237,-7,110,5,78,262,16
285,1,109,27,244,-1,107,5,77,257,16
286,1,106,27,237,-7,110,5,78,262,16
287,1,106,27,237,-7,110,5,78,262,16
288,1,106,27,237,-7,110,5,78,262,16
289,1,106,27,237,-7,110,5,78,262,16
290,1,106,27,237,-7,110,5,78,262,16
291,1,106,27,237,-7,110,5,78,262,16
292,1,106,27,237,-7,110,5,78,262,16
293,1,106,27,237,-7,110,5,78,262,16
294,1,106,27,237,-7,110,5,78,262,16
295,1,106,27,237,-7,110,5,78,262,16
296,1,107,29,178,-39,105,3,83,261,11
297,1,107,29,178,-39,105,3,83,261,11
298,1,108,27,232,-10,114,5,81,269,16
299,1,104,27,191,-39,116,5,83,292,16
300,1,108,28,204,-30,115,4,82,290,15
301,1,110,28,211,-24,114,4,82,288,15
302,1,108,28,204,-30,115,4,82,290,15
303,1,110,28,211,-24,114,4,82,288,15
304,1,110,28,211,-24,114,4,82,288,15
305,1,110,28,211,-24,114,4,82,288,15
306,1,110,28,211,-24,114,4,82,288,15
307,1,100,27,196,-28,110,4,79,271,15
308,1,104,27,194,-34,107,4,82,273,14
309,1,111,28,199,-34,114,4,84,289,15
310,1,105,28,201,-28,105,4,82,262,14
311,1,101,27,189,-35,108,3,81,265,14
312,1,111,28,199,-34,114,4,84,289,15
313,1,107,28,197,-33,102,3,83,257,12
314,1,107,28,197,-33,102,3,83,257,12
315,1,126,30,216,-30,114,3,88,278,12
316,1,130,31,206,-42,114,3,89,277,12
317,1,130,31,206,-42,114,3,89,277,12
318,1,95,25,244,-16,180,8,99,393,26
319,1,82,23,225,-22,191,9,99,425,29
320,1,82,23,225,-22,191,9,99,425,29
321,1,134,31,205,-52,116,3,91,269,11
322,1,82,23,222,-23,184,9,99,409,30
323,1,82,23,222,-23,184,9,99,409,30
324,1,79,23,229,-15,180,9,98,404,30
325,1,134,31,205,-52,116,3,91,269,11
326,1,134,31,204,-53,116,3,92,266,11
327,1,134,31,204,-53,116,3,92,266,11
328,1,136,31,204,-56,117,2,92,262,10
329,1,82,23,227,-16,171,8,99,379,27
330,1,133,30,198,-60,118,3,91,271,11
331,1,79,23,228,-13,172,8,98,384,28
332,1,87,25,231,-12,160,7,99,352,24
333,1,76,20,226,-40,179,8,100,411,29
334,1,77,21,228,-37,176,7,100,404,27
335,1,137,31,210,7,20,1,81,52,5
336,1,129,24,190,-170,191,6,98,456,22
337,0,94,28,203,48,230,56,47,561,189
338,0,91,28,241,56,263,27,66,682,117
339,0,95,27,213,-1,124,5,76,311,19
340,0,101,21,194,-108,25,11,23,59,42
341,0,75,25,204,85,260,54,51,475,202
342,0,108,26,266,-15,130,4,121,301,15
343,0,122,23,125,-228,70,6,75,175,24
344,0,125,21,183,-239,123,3,97,321,15
345,0,77,25,159,-35,165,9,71,410,32
346,0,76,24,199,66,261,43,53,554,171
347,0,134,39,298,236,261,2,144,232,24
348,0,107,20,194,-185,134,8,78,339,31
349,0,122,48,214,100,220,6,99,593,21
350,0,113,46,273,241,132,0,84,222,8
351,0,114,43,294,200,298,3,98,400,30
352,0,114,23,234,-97,23,5,42,60,17
353,0,132,29,173,-119,40,3,82,109,10
354,0,112,23,173,-122,35,15,27,82,54
355,0,75,25,246,57,213,19,62,551,64
356,0,158,26,137,-269,145,4,105,346,15
357,0,84,45,244,155,1133,8,103,2271,42
358,0,120,23,165,-168,98,6,82,230,34
359,0,146,41,301,195,175,5,114,224,57
360,0,141,25,146,-201,106,2,109,260,10
361,0,105,36,256,173,557,16,120,709,186
362,0,75,30,208,122,250,34,54,583,171
363,0,163,32,257,27,10,0,92,18,2
364,0,94,44,285,225,327,6,95,304,61
365,0,152,37,127,-55,17,0,120,41,1
366,0,142,37,31,-179,42,0,114,99,3
367,0,143,29,156,-143,64,1,107,151,6
368,0,123,52,264,213,277,8,85,390,29
369,0,137,39,64,-113,118,3,104,322,11
370,0,103,48,245,165,410,5,86,1007,53
371,0,127,26,223,-116,121,2,114,278,7
372,0,130,29,180,-108,119,3,105,293,11
373,0,123,43,269,247,290,6,122,182,30
374,0,134,26,215,-136,38,1,105,92,5
375,0,146,24,135,-263,61,3,89,144,16
376,0,153,31,114,-194,40,1,102,94,5
377,0,106,20,200,-188,134,8,80,341,29
378,0,120,19,155,-231,153,6,86,393,28
379,0,113,44,248,207,406,3,120,258,24
380,0,122,25,184,-152,143,4,91,355,17
381,0,102,27,193,-33,107,4,81,264,15
382,0,136,24,95,-296,109,4,95,256,16
383,0,100,41,287,196,318,4,85,588,37
384,0,121,24,151,-164,51,22,25,124,87
385,0,151,30,237,-37,10,1,77,25,3
386,0,150,29,255,-31,8,1,73,19,3
387,0,111,39,279,192,299,1,115,220,24
388,0,133,23,174,-193,104,4,107,239,13
389,0,93,31,217,103,312,45,61,564,222
390,0,142,23,154,-265,116,3,108,281,12
391,0,139,33,44,-185,18,0,115,40,2
392,0,157,44,84,-76,88,0,145,184,6
393,0,87,31,209,104,315,44,59,608,217
394,0,81,27,207,62,216,36,52,447,131
395,0,133,27,161,-136,77,3,107,184,9
396,0,155,30,217,-80,15,1,111,32,3
397,0,123,24,149,-181,81,11,63,217,41
398,0,123,51,242,220,180,10,76,290,37
399,0,93,27,255,26,186,18,65,453,67
400,0,144,25,168,-184,106,2,113,258,8
401,0,154,30,214,-74,15,1,115,33,3
402,0,132,25,84,-288,111,4,96,266,16
403,0,134,25,134,-251,111,3,115,271,9
404,0,82,27,233,51,227,35,54,557,115
405,0,83,40,281,207,612,10,97,849,46
406,0,78,24,232,107,233,45,48,555,185
407,0,145,41,95,-76,113,2,98,312,11
408,0,117,23,201,-158,128,5,93,339,19
409,0,117,53,240,174,280,21,72,622,77
410,0,76,24,260,82,230,44,47,578,182
411,0,106,28,266,14,190,13,87,402,40
412,0,77,33,169,98,328,18,76,504,213
413,0,137,25,145,-242,100,2,119,234,7
414,0,160,34,193,-4,9,0,99,20,1
415,0,84,25,213,76,247,37,54,529,153
416,0,139,23,166,-216,112,3,113,265,11
417,0,151,44,116,-42,123,2,99,338,9
418,0,111,48,186,78,218,13,84,585,49
419,0,109,30,206,-14,171,12,73,391,40
420,0,132,39,284,303,308,1,138,85,31
421,0,118,42,72,-42,138,7,74,305,106
422,0,135,40,39,-100,56,2,83,118,32
423,0,91,45,274,184,727,7,97,1313,32
424,0,152,42,73,-97,144,4,94,388,16
425,0,154,35,164,-59,12,1,86,33,3
426,0,87,25,270,33,200,26,61,436,96
427,0,81,28,247,68,209,9,85,523,29
428,0,116,44,67,-31,100,5,62,222,102
429,0,107,33,56,-71,67,10,44,148,92
430,0,116,24,166,-138,92,13,65,254,44
431,0,107,27,236,-17,316,24,84,682,82
432,0,83,26,205,9,157,6,75,390,23
433,0,112,27,222,-39,405,21,97,852,73
434,0,116,26,112,-174,52,5,73,132,20
435,0,150,37,76,-94,31,2,99,60,11
436,0,149,42,67,-101,90,1,113,234,4
437,0,121,22,210,-177,157,4,105,359,14
438,0,127,21,178,-253,131,4,95,330,18
439,0,108,29,174,-43,104,2,85,255,10
440,0,130,21,178,-210,138,4,95,331,18
441,0,117,21,201,-193,148,3,107,346,10
442,0,79,26,214,79,300,79,43,698,313
443,0,100,30,239,48,264,26,68,686,113
444,0,127,46,268,285,202,2,121,140,25
445,0,82,34,271,159,342,30,67,846,168
446,0,106,21,190,-145,51,10,46,116,44
447,0,144,36,150,-58,93,2,89,241,7
448,0,77,39,278,180,376,20,81,658,85
449,0,163,33,232,102,5,0,90,12,1
450,0,119,25,214,-101,268,12,101,639,41
451,0,119,23,217,-149,166,4,109,371,12
452,0,86,25,267,31,221,28,70,454,93
453,0,75,25,218,45,225,25,59,584,83
454,0,80,44,271,217,1243,3,116,1428,26
455,0,105,22,160,-148,50,13,44,121,42
456,0,95,28,219,9,136,8,67,342,31
457,0,88,27,240,33,146,5,74,356,22
458,0,123,24,175,-139,46,22,23,108,79
459,0,142,37,37,-172,44,0,119,103,3
460,0,139,29,188,-125,46,1,113,108,3
461,0,140,25,184,-189,68,2,108,169,6
462,0,144,25,159,-191,113,2,112,273,10
463,0,138,23,169,-215,105,2,115,241,9
464,0,122,23,157,-182,76,3,86,179,30
465,0,125,27,164,-148,100,2,107,224,9
466,0,106,20,212,-163,135,2,115,298,8
467,0,128,27,222,-102,123,1,116,281,6
468,0,154,34,167,-37,16,0,127,35,1
469,0,130,25,174,-190,64,2,112,158,6
470,0,117,38,287,255,303,3,128,136,35
471,0,91,29,225,102,291,44,61,521,217
472,0,110,23,163,-140,41,13,34,96,46
473,0,121,22,204,-185,157,4,104,374,15
474,0,115,44,177,59,296,6,90,822,37
475,0,124,26,134,-158,42,1,99,99,6
476,0,107,25,81,-171,58,7,62,155,27
477,0,135,27,206,-121,31,1,103,77,3
478,0,117,21,205,-187,151,3,104,357,12
479,0,140,26,156,-219,82,2,123,194,6
480,0,83,46,272,212,751,6,104,1009,36
481,0,139,30,237,40,7,0,86,19,2
482,0,124,38,280,293,325,3,130,129,40
483,0,86,26,202,69,259,42,53,539,180
484,0,135,29,165,-136,54,1,116,128,4
485,0,135,24,170,-179,75,2,112,194,8
486,0,145,24,164,-206,106,2,113,248,10
487,0,135,27,148,-192,131,12,79,317,41
488,0,129,29,173,-114,123,4,105,301,13
489,0,74,26,173,57,278,52,49,590,226
490,0,85,36,273,137,243,22,76,719,85
491,0,136,36,52,-149,84,2,94,228,9
492,0,145,29,161,-168,61,1,107,141,5
493,0,149,39,54,-145,80,0,117,191,4
494,0,133,30,195,-64,120,3,96,292,12
495,0,148,26,126,-245,59,2,99,139,12
496,0,145,25,159,-192,107,2,114,263,10
497,0,118,32,225,-10,313,27,78,780,103
498,0,160,32,255,-4,7,0,118,17,0
499,0,113,23,183,-137,61,19,37,151,65
500,0,138,26,182,-153,60,2,108,143,7
501,0,133,27,231,-96,22,0,106,53,1
502,0,122,54,237,183,276,8,82,424,35
503,0,126,24,161,-212,107,4,97,272,17
504,0,132,25,73,-296,106,3,99,256,11
505,0,136,40,295,269,275,6,120,333,89
506,0,139,42,81,-80,122,3,97,333,12
507,0,109,41,274,196,313,2,103,312,32
508,0,98,31,241,68,465,72,61,1029,254
509,0,118,22,206,-180,141,2,114,310,8
510,0,139,39,62,-119,83,1,116,213,5
511,0,110,19,197,-206,140,7,85,365,28
512,0,118,23,217,-132,149,3,113,329,10
513,0,105,22,174,-155,134,11,69,342,42
514,0,154,25,148,-267,122,4,105,301,15
515,0,108,27,80,-181,68,1,103,184,5
516,0,154,31,256,-6,8,0,90,19,0
517,0,139,31,222,-50,14,1,74,37,4
518,0,124,25,141,-166,44,1,96,104,7
519,0,102,21,154,-151,45,13,43,109,41
520,0,93,45,254,152,856,9,100,1802,40
521,0,85,21,217,-74,194,9,101,446,30
522,0,131,25,111,-208,102,5,95,250,18
523,0,130,24,139,-208,108,3,111,275,10
524,0,84,32,198,44,200,7,82,540,27
525,0,109,26,68,-192,66,7,66,171,27
526,0,115,28,231,-27,321,24,87,694,81
527,0,87,46,278,214,559,7,94,920,36
528,0,134,44,282,267,224,0,145,65,4
529,0,112,44,287,173,408,2,112,812,23
530,0,101,42,278,209,324,4,94,331,47
531,0,83,25,202,70,246,46,50,510,199
532,0,79,26,240,67,279,33,61,718,132
533,0,111,22,186,-139,57,16,39,141,56
534,0,112,55,233,156,390,9,93,1049,66
535,0,129,41,277,174,179,1,146,58,5
536,0,66,21,215,56,206,42,48,432,160
537,0,67,26,203,121,230,43,50,480,179
538,0,134,21,162,-284,155,6,89,408,25
539,0,135,29,144,-161,72,2,113,168,6
540,0,142,38,34,-167,57,0,118,135,3
541,0,78,31,262,133,238,38,64,684,154
542,0,99,44,197,85,217,15,81,591,51
543,0,87,35,203,58,235,17,80,642,53
544,0,46,25,238,277,213,109,16,446,484
545,0,143,25,145,-203,105,2,112,259,9
546,0,128,28,193,-81,102,1,108,217,6
547,0,113,23,186,-141,52,14,40,123,48
548,0,79,24,213,79,240,43,51,501,165
549,0,125,24,177,-182,139,3,115,321,10
550,0,137,27,139,-198,95,3,112,223,10
551,0,147,31,214,-83,28,0,96,63,1
552,0,117,22,205,-170,131,5,93,338,19
553,0,107,28,209,-23,130,7,80,301,22
554,0,80,26,208,61,222,39,52,435,145
555,0,115,48,206,97,196,10,88,558,37
556,0,98,27,243,20,116,5,75,289,18
557,0,79,28,198,83,291,49,56,593,188
558,0,79,34,174,106,356,16,87,534,198
559,0,120,44,115,-13,150,4,87,392,21
560,0,114,26,93,-173,79,15,51,202,51
561,0,111,22,188,-168,135,6,86,337,22
562,0,93,29,235,36,142,12,63,385,43
563,0,151,37,88,-83,25,1,104,48,9
564,0,67,33,276,175,362,27,73,984,116
565,0,150,45,92,-65,79,0,116,196,2
566,0,126,24,-54,-137,41,19,25,87,88
567,0,107,41,67,-35,192,10,78,440,142
568,0,114,26,210,-76,300,14,103,674,46
569,0,132,30,187,-73,75,1,95,154,6
570,0,85,45,278,200,443,15,103,1215,63
571,0,133,26,140,-206,86,2,118,209,7
572,0,131,28,186,-119,144,2,113,340,8
573,0,79,38,278,162,335,14,84,921,70
574,0,121,40,268,201,329,2,126,173,25
575,0,138,29,184,-129,52,1,111,124,4
576,0,126,51,229,150,278,7,84,769,35
577,0,123,27,177,-124,154,7,90,386,24
578,0,141,26,203,-110,19,1,107,49,3
579,0,82,25,204,79,236,44,46,492,200
580,0,159,33,226,-33,9,1,87,21,3
581,0,141,45,118,-25,158,2,96,449,11
582,0,130,39,294,286,314,3,130,351,41
583,0,153,30,181,-114,21,1,109,48,3
584,0,155,43,91,-77,144,4,94,390,15
585,0,109,23,173,-126,35,14,28,83,50
586,0,75,23,227,53,259,45,49,587,187
587,0,128,24,181,-190,55,2,105,133,6
588,0,103,28,250,-3,262,10,105,535,34
589,0,135,22,186,-209,33,0,100,77,5
590,0,140,45,84,-60,121,2,98,330,9
591,0,123,25,225,-113,128,1,121,289,5
592,0,142,40,50,-129,110,3,105,293,9
593,0,80,26,234,85,263,40,48,622,189
594,0,90,28,232,34,144,9,67,388,33
595,0,99,21,156,207,21,8,22,44,41
596,0,129,26,210,-120,51,2,108,124,6
597,0,116,25,187,-109,66,24,32,175,82
598,0,153,34,155,-46,18,0,114,40,1
599,0,105,21,194,-74,50,10,46,116,43
600,0,123,43,262,239,295,5,121,184,33
601,0,118,20,101,-322,180,10,82,474,39
602,0,126,35,79,-67,42,6,49,86,54
603,0,140,39,55,-128,107,3,97,288,11
604,0,124,43,268,280,289,3,127,149,25
605,0,111,21,209,-165,135,2,113,300,8
606,0,131,25,216,-131,28,0,116,66,2
607,0,113,45,288,172,411,2,112,1082,19
608,0,134,28,191,-108,34,1,106,88,4
609,0,119,40,257,175,399,5,115,289,58
610,0,124,29,260,-22,139,2,123,326,11
611,0,137,24,102,-298,83,2,106,199,8
612,0,103,21,192,-78,51,11,50,125,41
613,0,142,37,37,-173,43,0,116,101,3
614,0,104,29,196,-19,167,12,71,385,40
615,0,124,39,291,247,332,4,129,138,35
616,0,135,34,63,-158,54,2,99,145,9
617,0,132,26,183,-166,134,3,115,304,9
618,0,147,28,196,-147,38,1,107,86,3
619,0,132,28,219,-97,116,1,115,269,5
620,0,139,26,213,-148,36,1,109,88,4
621,0,121,41,77,-74,197,6,86,566,25
622,0,115,28,251,-4,163,6,105,339,21
623,0,135,46,267,267,250,0,134,111,6
624,0,141,37,61,-142,61,1,107,156,4
625,0,146,31,235,3,7,0,86,18,0
626,0,144,31,154,-122,37,1,110,87,4
627,0,89,34,172,20,185,7,81,528,27
628,0,129,27,106,-220,164,9,93,394,28
629,0,126,42,44,-78,83,4,71,178,65
630,0,115,24,-1,206,30,13,24,57,59
631,0,130,21,174,-210,133,4,96,323,18
632,0,118,38,262,175,420,4,137,199,34
633,0,103,30,236,28,134,10,64,346,38
634,0,152,30,218,-68,15,0,118,33,2
635,0,118,26,155,-141,62,5,75,171,17
636,0,121,23,147,-190,81,5,82,193,33
637,0,156,25,141,-274,108,4,101,281,16
638,0,114,26,104,-146,38,3,78,107,11
639,0,129,24,173,-166,80,11,62,215,42
640,0,125,26,108,-217,251,19,79,604,66
641,0,162,36,139,-92,10,0,127,27,0
642,0,141,35,43,-176,34,0,112,81,1
643,0,144,25,186,-172,98,2,114,228,8
644,0,83,25,216,77,233,36,53,495,150
645,0,126,25,199,-118,70,2,106,175,7
646,0,124,22,148,-226,66,7,70,166,26
647,0,121,24,208,-111,25,6,36,60,28
648,0,142,37,36,-173,35,0,116,83,4
649,0,111,28,212,-43,352,22,93,790,75
650,0,89,25,213,-16,268,33,76,629,109
651,0,112,46,279,228,183,1,84,293,11
652,0,113,40,274,206,370,3,113,282,26
653,0,128,40,290,272,308,5,125,373,65
654,0,97,30,157,-35,110,3,79,301,14
655,0,127,30,160,-94,126,4,98,309,13
656,0,149,25,180,-222,143,3,109,334,11
657,0,75,46,254,194,333,19,74,589,72
658,0,109,23,3,212,17,1,37,26,37
659,0,125,23,126,-226,141,17,63,348,63
660,0,143,30,207,-65,18,1,104,39,3
661,0,82,25,223,94,238,44,56,450,195
662,0,130,21,181,-248,121,3,96,301,15
663,0,111,44,140,25,260,8,88,705,40
664,0,120,41,270,214,526,2,138,221,9
665,0,143,39,71,-111,122,3,92,334,14
666,0,104,23,84,210,28,9,29,45,48
667,0,142,24,167,-211,96,2,114,223,8
668,0,147,24,146,-237,113,3,109,285,13
669,0,91,38,202,67,256,18,81,711,57
670,0,135,39,76,-100,74,1,125,179,6
671,0,117,29,206,-31,114,4,86,289,14
672,0,104,29,182,-30,105,3,81,270,13
673,0,117,28,75,186,62,14,46,72,71
674,0,160,39,108,-106,91,2,93,248,7
675,0,141,25,169,-222,101,3,107,220,11
676,0,108,26,60,-110,11,1,54,25,9
677,0,115,24,182,-119,80,14,57,224,50
678,0,147,30,142,-172,72,1,105,182,6
679,0,130,46,262,264,259,0,135,113,5
680,0,147,44,137,-20,115,0,129,288,2
681,0,106,22,188,-108,30,13,24,68,48
682,0,119,28,127,173,82,19,48,110,79
683,0,137,26,183,-123,26,7,34,61,25
684,0,118,23,183,-108,22,6,35,55,21
685,0,136,41,78,-82,124,3,98,338,12
686,0,120,41,291,172,510,4,118,376,74
687,0,92,46,224,186,267,3,87,330,48
688,0,63,31,275,171,359,26,74,985,105
689,0,147,30,110,-212,68,2,116,164,6
690,0,95,39,176,98,304,19,74,476,235
691,0,139,37,62,-132,86,3,93,232,12
692,0,120,23,170,-162,96,5,90,235,24
693,0,79,27,245,67,227,6,98,547,21
694,0,86,28,218,79,282,51,52,627,184
695,0,118,26,195,-92,27,1,95,74,5
696,0,113,36,134,134,90,17,43,203,137
697,0,162,32,248,27,6,0,95,13,1
698,0,160,32,241,-20,9,1,83,20,3
699,0,131,31,105,-174,103,2,108,256,8
700,0,142,34,48,-178,18,0,105,45,2
701,0,103,43,289,200,349,2,96,990,28
702,0,156,46,80,-67,105,1,137,225,9
703,0,108,30,251,29,164,15,68,379,50
704,0,51,28,232,164,267,110,27,557,403
705,0,51,31,273,191,234,116,24,611,384
706,0,110,22,169,-140,43,12,40,99,38
707,0,131,23,168,-190,117,3,109,284,13
708,0,141,26,215,-131,21,4,40,55,17
709,0,143,38,51,-153,53,0,118,126,3
710,0,139,27,145,-195,52,2,99,120,7
711,0,142,44,51,-92,91,1,125,204,5
712,0,106,25,46,-211,92,15,55,244,54
713,0,87,27,260,42,222,33,51,589,130
714,0,92,24,235,-20,363,22,92,774,74
715,0,147,30,226,-82,14,0,77,37,2
716,0,143,31,195,-73,19,1,94,45,4
717,0,121,29,159,-113,145,4,99,336,19
718,0,120,27,195,-106,102,3,104,232,10
719,0,147,31,227,-68,20,2,73,56,6
720,0,141,30,132,-142,84,3,108,207,11
721,0,128,26,192,-144,139,2,120,314,7
722,0,84,44,191,101,490,8,97,1246,49
723,0,121,22,204,-174,133,5,94,344,19
724,0,113,44,78,-42,163,5,85,425,27
725,0,124,27,181,-117,97,3,105,237,10
726,0,114,44,287,169,432,2,118,758,20
727,0,93,44,221,111,208,12,78,556,47
728,0,142,31,216,-75,19,1,90,48,3
729,0,116,25,189,-112,63,24,30,165,84
730,0,146,27,172,-161,79,2,108,204,9
731,0,131,41,70,-60,70,3,75,149,52
732,0,134,47,280,272,342,0,147,105,4
733,0,141,36,22,-194,36,0,120,87,3
734,0,111,24,237,-82,165,4,100,381,15
735,0,118,26,142,-137,62,9,59,161,31
736,0,65,23,263,98,235,50,46,575,187
737,0,123,26,151,-160,172,10,88,465,34
738,0,128,25,194,-140,25,6,35,64,22
739,0,146,44,61,-87,88,1,132,193,3
740,0,80,26,255,65,205,12,67,517,42
741,0,110,23,158,-144,43,14,35,100,47
742,0,146,29,214,-88,24,0,112,56,2
743,0,128,26,187,-137,76,2,109,184,7
744,0,134,25,130,-197,93,6,90,226,22
745,0,131,25,197,-165,172,5,98,423,19
746,0,114,44,285,173,371,1,113,689,17
747,0,151,30,242,-76,14,0,91,33,0
748,0,146,32,181,-87,22,1,93,51,4
749,0,120,56,266,199,327,13,87,632,51
750,0,144,43,74,-80,146,3,98,404,12
751,0,124,41,253,192,325,9,122,177,40
752,0,141,37,28,-174,35,1,107,84,5
753,0,156,31,257,-33,9,0,99,23,1
754,0,125,26,211,-105,30,1,107,70,3
755,0,116,23,233,-105,21,5,37,55,19
756,0,143,36,39,-132,28,0,106,68,5
757,0,119,28,126,-124,64,9,56,176,33
758,0,132,25,116,-207,99,6,91,242,21
759,0,157,35,155,-39,11,0,95,29,2
760,0,133,47,273,272,341,0,144,112,3
761,0,105,21,186,-148,55,11,47,128,46
762,0,100,22,188,-122,118,10,66,298,42
763,0,119,44,115,-8,183,5,88,494,25
764,0,80,26,214,135,313,49,60,582,238
765,0,131,38,84,-91,85,1,128,210,4
766,0,94,47,259,173,887,3,112,2201,32
767,0,143,36,46,-169,35,0,115,83,3
768,0,131,23,123,-241,131,10,73,314,40
769,0,107,21,197,-139,47,10,45,106,41
770,0,140,45,268,271,271,1,130,130,27
771,0,133,27,139,-200,142,9,86,348,33
772,0,120,24,158,-143,43,18,28,96,67
773,0,79,21,230,-32,171,6,102,394,24
774,0,138,38,58,-129,109,3,103,289,11
775,0,136,38,44,-141,109,3,101,291,12
776,0,74,31,271,151,257,35,66,711,164
777,0,136,25,217,-147,34,1,111,81,4
778,0,138,24,185,-212,80,3,108,183,9
779,0,98,34,204,103,108,20,43,259,168
780,0,144,31,241,-26,14,1,72,34,3
781,0,114,23,174,-127,37,12,35,88,41
782,0,129,23,194,-177,92,1,126,203,5
783,0,132,25,222,-120,21,5,36,54,18
784,0,141,37,46,-157,47,0,121,111,4
785,0,143,32,164,-99,26,1,98,60,4
786,0,144,28,230,-100,19,0,105,46,0
787,0,131,34,46,-169,70,2,99,189,9
788,0,77,27,221,49,200,24,60,487,75
789,0,132,23,183,-194,99,2,113,221,9
790,0,146,29,238,-80,12,0,81,33,2
791,0,115,44,190,62,210,4,92,576,16
792,0,143,27,139,-215,106,3,111,266,9
793,0,120,25,172,-119,56,24,26,149,84
794,0,133,21,169,-248,67,6,71,159,24
795,0,76,27,190,78,287,52,55,548,196
796,0,90,26,267,32,198,23,60,480,92
797,0,83,44,215,173,500,4,95,652,28
798,0,140,41,80,-63,48,2,81,104,28
799,0,123,29,150,-105,72,2,93,157,7
800,0,146,30,150,-170,72,2,106,174,8
801,0,134,33,116,-122,67,1,102,184,4
802,0,115,24,186,-129,64,25,29,159,82
803,0,129,38,293,298,320,1,136,72,49
804,0,69,21,230,15,162,11,85,389,47
805,0,127,22,139,-242,120,19,54,305,70
806,0,107,23,83,209,30,13,25,52,53
807,0,123,30,85,190,69,14,47,76,80
808,0,142,38,50,-153,40,1,111,95,6
809,0,78,35,260,151,308,27,72,871,121
810,0,131,27,124,-202,44,1,95,103,5
811,0,93,27,152,-54,100,3,82,252,13
812,0,140,24,152,-230,48,1,97,113,9
813,0,77,25,245,70,202,18,61,536,63
814,0,141,27,130,-226,124,3,108,294,11
815,0,129,39,293,278,280,4,130,278,45
816,0,140,24,182,-188,89,2,115,187,8
817,0,143,26,150,-223,110,3,111,259,10
818,0,119,25,187,-143,123,7,80,327,28
819,0,162,34,220,-31,11,0,120,25,0
820,0,70,24,249,79,167,17,62,452,56
821,0,117,38,286,255,300,3,126,161,34
822,0,131,45,274,286,180,2,118,126,21
823,0,124,30,219,-21,172,4,107,373,15
824,0,116,42,268,224,475,3,130,222,17
825,0,109,21,202,-166,124,8,75,318,32
826,0,135,30,206,24,9,0,60,15,5
827,0,129,26,197,-146,32,1,104,76,4
828,0,115,23,194,-134,44,12,41,101,38
829,0,118,23,220,-140,133,1,120,292,5
830,0,147,42,301,271,156,1,122,192,43
831,0,100,46,213,107,218,11,82,571,46
832,0,140,30,251,-20,9,0,80,25,3
833,0,95,42,285,200,340,8,82,686,40
834,0,127,37,41,-97,96,7,82,204,64
835,0,142,27,133,-215,125,3,109,296,11
836,0,142,31,199,-65,50,1,97,90,5
837,0,83,26,228,99,245,45,57,455,201
838,0,153,32,202,-53,14,1,83,32,3
839,0,157,44,103,-64,136,4,82,385,18
840,0,116,33,107,-94,99,2,92,261,8
841,0,138,38,40,-154,56,1,121,135,5
842,0,124,23,167,-83,39,17,26,90,88
843,0,119,22,220,-149,141,2,112,310,8
844,0,128,26,154,202,32,13,26,67,68
845,0,136,41,86,-75,127,3,97,348,12
846,0,118,21,205,-183,146,3,112,322,10
847,0,119,21,190,-221,130,4,98,339,16
848,0,121,23,146,-164,103,7,79,243,39
849,0,75,45,259,196,269,12,81,483,43
850,0,112,25,141,-140,84,10,64,228,38
851,0,120,22,200,-193,151,3,113,331,10
852,0,90,26,271,39,217,25,58,494,103
853,0,157,44,100,-57,110,1,140,237,3
854,0,117,41,288,182,370,4,120,576,37
855,0,139,39,76,-106,87,1,118,224,4
856,0,94,44,272,181,492,19,76,1162,93
857,0,115,25,183,-114,73,18,46,203,62
858,0,87,28,228,55,375,62,58,911,221
859,0,105,26,228,-31,435,17,105,855,65
860,0,110,49,264,241,450,1,105,221,10
861,0,82,26,234,74,269,39,47,551,202
862,0,119,28,134,-117,64,11,51,174,39
863,0,105,46,201,101,372,15,79,1042,90
864,0,148,41,69,-101,138,4,95,372,16
865,0,103,45,255,212,355,5,102,333,39
866,0,145,37,52,-160,38,0,112,89,2
867,0,129,21,174,-214,142,4,97,338,18
868,0,125,21,150,-250,64,6,72,158,24
869,0,143,25,90,-276,81,3,101,196,13
870,0,121,39,159,1,156,5,78,407,21
871,0,113,42,295,178,260,1,112,482,23
872,0,138,35,101,-113,62,1,101,173,4
873,0,85,28,214,52,192,39,48,492,138
874,0,115,38,253,180,382,4,124,201,30
875,0,112,48,211,102,198,15,77,534,58
876,0,137,40,72,-94,86,1,124,214,3
877,0,146,28,259,-31,9,0,72,23,2
878,0,111,37,165,8,179,6,79,468,24
879,0,113,45,284,214,186,1,85,382,14
880,0,134,36,47,-108,54,4,82,109,32
881,0,142,31,224,-66,17,1,93,43,3
882,0,144,26,208,-157,37,1,100,89,4
883,0,141,42,286,226,200,2,145,225,17
884,0,126,21,187,-233,140,5,93,365,21
885,0,80,26,200,55,214,33,53,464,110
886,0,99,24,-70,-110,17,2,49,28,15
887,0,66,24,258,78,192,17,69,474,51
888,0,105,23,148,-169,55,5,73,151,18
889,0,112,28,269,8,179,8,103,375,27
890,0,74,46,281,228,262,5,93,189,83
891,0,116,25,168,-121,73,32,26,182,105
892,0,136,25,206,-161,43,1,107,103,4
893,0,118,27,167,-22,15,1,66,36,6
894,0,112,23,189,-139,52,14,40,124,49
895,0,117,26,183,-96,102,2,108,227,8
896,0,57,29,275,171,261,30,68,677,120
897,0,94,45,226,188,303,3,91,340,44
898,0,98,27,200,-15,123,4,79,306,16
899,0,127,34,84,-125,94,1,101,255,4
900,0,130,21,186,-250,138,6,89,352,22
901,0,138,24,188,-156,23,0,109,58,2
902,0,166,35,216,15,10,0,101,20,1
903,0,138,47,107,-29,216,3,103,558,11
904,0,139,26,171,-184,29,1,78,69,5
905,0,100,23,236,-71,176,6,99,404,21
906,0,87,44,264,184,717,1,97,1500,24
907,0,141,41,54,-106,79,0,137,180,1
908,0,112,48,237,198,220,3,78,427,21
909,0,125,25,156,-136,45,24,22,107,101
910,0,117,23,192,-134,48,15,36,115,51
911,0,116,23,193,-132,56,20,30,134,67
912,0,135,31,129,-116,8,0,91,20,2
913,0,117,43,267,221,461,2,129,225,16
914,0,117,22,239,-117,17,5,40,45,16
915,0,138,44,88,-65,176,4,96,495,15
916,0,90,27,206,-3,146,9,67,357,33
917,0,128,30,164,-89,127,4,106,299,13
918,0,77,29,226,65,320,11,94,750,40
919,0,141,29,200,-116,30,1,111,74,3
920,0,106,48,278,191,494,5,77,1027,55
921,0,113,25,162,-125,77,22,41,212,75
922,0,127,40,284,268,364,5,126,463,76
923,0,104,44,287,197,445,3,96,1085,24
924,0,128,33,54,-160,84,1,104,226,6
925,0,87,30,201,88,325,47,59,611,230
926,0,111,27,266,-16,133,4,120,306,15
927,0,129,39,293,243,295,1,132,343,44
928,0,143,38,66,-130,90,1,108,229,7
929,0,145,28,213,-95,25,1,94,65,5
930,0,131,20,164,-233,149,5,86,384,27
931,0,112,27,88,-177,64,5,68,180,23
932,0,134,26,172,-184,89,2,106,214,8
933,0,107,22,159,-144,43,13,38,101,43
934,0,118,23,220,-144,137,2,115,301,7
935,0,127,38,280,295,334,3,135,114,38
936,0,122,43,270,230,299,8,121,201,26
937,0,108,41,295,206,303,5,99,362,36
938,0,93,26,262,16,196,18,92,472,59
939,0,118,23,203,-117,34,12,31,76,43
940,0,147,36,65,-152,21,1,104,43,5
941,0,139,40,283,297,330,1,144,66,41
942,0,131,33,121,-110,78,1,99,213,4
943,0,127,29,152,-106,130,4,100,315,13
944,0,120,25,195,-115,31,5,55,81,16
945,0,142,26,237,-88,18,4,40,44,15
946,0,151,29,252,-66,13,0,102,29,0
947,0,132,35,45,-158,79,2,93,214,10
948,0,150,28,189,-164,41,1,121,85,3
949,0,97,28,272,42,160,16,64,391,58
950,0,105,46,251,155,740,12,103,1947,59
951,0,126,27,202,-104,38,1,101,88,3
952,0,124,25,207,-128,136,2,121,307,7
953,0,163,32,258,29,9,0,87,18,1
954,0,115,25,154,-119,77,27,34,203,89
955,0,122,45,268,234,257,3,116,205,24
956,0,127,27,223,-102,124,1,114,284,6
957,0,130,30,132,-36,7,0,79,17,3
958,0,109,28,244,6,109,7,74,257,21
959,0,144,32,198,-64,41,1,84,86,6
960,0,158,32,254,-7,7,0,119,17,0
961,0,155,26,171,-224,153,3,110,352,11
962,0,126,28,152,-116,80,6,73,214,22
963,0,120,40,290,181,328,3,127,153,34
964,0,132,24,142,-199,101,4,95,253,20
965,0,133,21,160,-243,144,6,86,364,27
966,0,94,26,213,-6,141,9,69,329,31
967,0,97,31,22,81,143,25,42,210,287
968,0,75,31,267,147,259,37,64,616,173
969,0,141,27,198,-113,33,1,105,77,3
970,0,131,45,271,256,300,0,153,77,4
971,0,117,22,194,-151,139,5,93,367,20
972,0,118,42,271,225,511,3,133,224,15
973,0,114,23,184,-134,63,22,32,154,75
974,0,137,46,39,-89,99,1,114,218,23
975,0,72,25,251,71,323,80,49,772,245
976,0,99,22,159,-145,142,13,67,369,49
977,0,81,27,245,119,237,119,27,581,445
978,0,108,22,181,-135,44,10,43,100,36
979,0,139,25,149,-228,123,6,99,291,19
980,0,135,30,193,-75,87,1,104,180,6
981,0,121,27,131,-142,69,4,78,192,15
982,0,125,23,153,-189,85,4,90,206,27
983,0,145,36,70,-107,32,0,116,75,1
984,0,111,45,277,205,270,3,88,680,21
985,0,125,21,181,-186,149,6,94,390,21
986,0,132,26,131,-211,40,1,100,101,3
987,0,52,29,280,172,272,112,32,571,341
988,0,82,40,272,156,405,14,88,1110,73
989,0,120,23,146,-162,107,8,78,253,42
990,0,78,32,232,145,274,30,59,627,163
991,0,140,26,207,-113,18,0,103,47,2
992,0,108,34,162,-12,118,3,76,311,14
993,0,102,45,264,187,308,3,90,482,18
994,0,86,26,211,83,305,51,57,586,246
995,0,151,40,94,-87,123,2,87,332,12
996,0,82,24,250,42,131,30,43,357,108
997,0,91,48,237,169,353,9,80,890,48
998,0,146,42,79,-87,119,3,96,326,11
999,0,125,25,182,-160,144,4,92,368,17
1000,0,112,48,274,257,302,1,96,188,12
1001,0,104,26,258,-16,184,4,129,400,14
1002,0,138,31,124,-166,97,2,115,243,8
1003,0,85,26,211,84,183,36,49,394,144
1004,0,131,33,65,-93,26,3,61,50,20
1005,0,138,27,173,-138,50,1,118,132,5
1006,0,116,25,188,-121,89,2,105,222,7
1007,0,162,34,202,-11,12,0,124,26,0
1008,0,123,25,223,-117,131,1,124,295,5
1009,0,122,55,264,207,250,11,81,415,37
1010,0,77,23,251,70,232,38,51,508,145
1011,0,138,23,166,-255,130,4,100,317,15
1012,0,135,27,193,-115,28,6,40,65,21
1013,0,135,43,78,-71,122,3,95,331,14
1014,0,76,19,187,-92,142,13,67,365,49
1015,0,104,25,264,-13,151,4,121,342,15
1016,0,120,43,265,226,255,5,120,152,27
1017,0,140,31,239,-19,6,0,76,16,1
1018,0,116,29,208,-50,339,23,90,775,78
1019,0,164,32,263,28,9,0,84,17,1
1020,0,126,39,292,245,310,2,132,120,36
1021,0,134,25,164,-200,71,2,113,176,6
1022,0,119,26,185,-122,288,14,99,676,48
1023,0,122,22,192,-203,149,3,105,357,11
1024,0,109,25,62,-193,50,4,73,132,16
1025,0,119,40,270,209,488,3,136,182,17
1026,0,148,24,141,-238,116,3,110,289,13
1027,0,116,24,170,-135,86,14,61,243,50
1028,0,126,22,163,-208,70,9,64,181,33
1029,0,130,22,164,-236,44,1,98,98,7
1030,0,145,23,152,-233,104,4,103,265,14
1031,0,121,29,111,-151,52,1,92,140,5
1032,0,129,27,168,-106,81,2,104,194,9
1033,0,140,38,58,-136,95,2,104,245,9
1034,0,100,29,188,-24,168,12,71,391,40
1035,0,121,26,129,-153,36,2,69,88,12
1036,0,114,48,176,61,225,6,92,595,30
1037,0,119,40,268,193,422,3,123,284,23
1038,0,128,29,144,-141,38,2,78,97,9
1039,0,147,25,117,-262,68,2,99,162,12
1040,0,83,43,224,184,504,3,97,639,25
1041,0,142,26,186,-159,71,2,112,162,7
1042,0,148,45,115,-35,114,1,100,314,7
1043,0,160,26,128,-279,143,4,104,342,16
1044,0,91,21,149,-143,156,18,65,411,63
1045,0,79,29,224,68,222,21,68,553,69
1046,0,130,37,295,186,273,11,104,329,135
1047,0,113,42,294,176,276,1,114,490,22
1048,0,136,25,220,-127,20,5,35,54,19
1049,0,143,32,206,-60,13,1,66,34,4
1050,0,107,53,231,158,411,11,94,1082,66
1051,0,106,41,263,205,336,5,112,281,30
1052,0,74,32,284,166,265,28,69,753,110
1053,0,123,52,257,204,278,10,84,384,31
1054,0,108,31,159,-38,102,3,80,273,11
1055,0,138,40,289,301,345,1,148,67,32
1056,0,95,42,286,199,381,5,84,961,34
1057,0,141,28,231,-95,20,0,94,48,0
1058,0,142,28,222,-86,21,1,102,54,3
1059,0,117,43,272,234,241,6,112,175,30
1060,0,163,34,223,-28,10,0,111,23,0
1061,0,115,28,266,-13,159,6,115,339,22
1062,0,142,25,161,-217,103,3,108,248,10
1063,0,91,28,217,52,204,37,51,456,136
1064,0,142,40,72,-115,113,3,104,306,9
1065,0,114,26,94,212,30,5,42,35,55
1066,0,100,52,235,167,294,3,91,758,32
1067,0,127,43,249,253,370,2,136,120,28
1068,0,130,34,77,-138,81,1,102,221,4
1069,0,122,52,262,202,410,8,91,497,42
1070,0,125,25,223,-119,128,2,107,295,9
1071,0,140,38,53,-142,70,1,120,169,4
1072,0,109,27,258,13,97,5,70,246,19
1073,0,111,42,148,12,221,6,89,617,22
1074,0,142,39,62,-128,107,2,106,280,9
1075,0,122,53,242,184,349,10,84,680,65
1076,0,149,28,251,-48,11,0,116,24,0
1077,0,138,38,52,-142,61,1,122,146,5
1078,0,117,39,275,179,312,3,122,194,39
1079,0,123,23,154,-184,60,6,74,154,23
1080,0,111,46,243,138,354,9,102,853,36
1081,0,118,49,226,164,301,3,84,489,26
1082,0,152,44,110,-46,140,3,94,396,14
1083,0,115,22,203,-119,30,10,33,64,36
1084,0,86,33,243,146,351,33,67,752,178
1085,0,129,26,-24,193,39,14,27,70,86
1086,0,106,29,263,23,172,13,74,402,46
1087,0,137,40,93,-73,128,4,76,355,20
1088,0,133,27,179,-159,44,1,120,115,3
1089,0,133,26,-4,207,34,12,29,63,74
1090,0,98,22,188,-115,124,7,73,326,33
1091,0,140,26,181,-190,74,2,110,181,6
1092,0,134,27,205,-126,133,1,124,293,5
1093,0,104,20,203,-174,127,6,86,318,21
1094,0,92,43,275,184,483,20,75,1235,101
1095,0,131,26,197,-143,70,2,109,144,7
1096,0,134,28,192,-113,36,3,79,99,10
1097,0,125,41,274,214,427,2,133,198,14
1098,0,144,38,64,-102,32,1,104,75,8
1099,0,165,37,148,-80,8,0,99,20,0
1100,0,81,27,224,40,207,9,75,507,32
1101,0,114,25,161,-136,91,12,66,250,43
1102,0,136,30,203,-56,59,1,96,123,4
1103,0,128,23,194,-204,145,3,111,328,11
1104,0,150,30,230,-78,16,0,94,41,0
1105,0,133,23,175,-219,156,4,102,388,15
1106,0,125,23,214,-151,188,5,102,426,17
1107,0,122,45,7,-87,93,3,87,202,53
1108,0,122,27,111,-167,46,1,102,109,6
1109,0,139,29,187,-108,45,1,112,108,4
1110,0,142,36,106,-54,26,4,50,51,30
1111,0,153,25,148,-267,122,4,104,300,15
1112,0,124,41,287,232,412,1,127,618,41
1113,0,102,29,238,38,270,29,70,759,114
1114,0,146,29,149,-146,77,1,124,191,4
1115,0,131,29,171,-119,42,2,82,117,8
1116,0,105,33,129,-49,118,4,77,322,17
1117,0,148,39,58,-138,98,1,112,244,7
1118,0,112,25,180,-117,43,3,75,121,11
1119,0,126,26,157,-140,96,3,108,217,11
1120,0,82,28,197,56,223,37,53,479,137
1121,0,124,27,183,-122,88,2,107,225,8
1122,0,133,40,296,239,305,2,130,313,39
1123,0,121,23,147,-193,85,4,88,204,30
1124,0,111,36,60,-62,126,13,63,278,127
1125,0,109,21,202,-168,125,8,76,319,31
1126,0,159,36,138,-57,12,0,107,32,2
1127,0,158,26,152,-264,111,4,103,282,14
1128,0,141,38,59,-126,115,3,91,314,13
1129,0,144,24,168,-205,97,2,115,226,9
1130,0,79,24,202,73,292,49,54,561,230
1131,0,137,40,127,-38,119,4,75,325,18
1132,0,134,33,53,-171,22,2,82,42,8
1133,0,146,31,195,-80,18,1,90,42,3
1134,0,138,38,44,-142,113,3,93,308,12
1135,0,163,32,263,30,9,0,79,16,2
1136,0,143,28,158,-194,91,2,111,223,8
1137,0,160,36,157,-100,9,0,84,25,0
1138,0,146,24,165,-206,111,2,115,261,10
1139,0,148,43,77,-86,152,5,82,429,22
1140,0,134,30,215,-54,17,1,79,45,5
1141,0,42,21,260,164,205,22,61,396,157
1142,0,82,28,223,105,239,44,55,478,174
1143,0,125,38,285,244,322,2,137,92,34
1144,0,151,28,273,-22,6,1,55,15,3
1145,0,97,43,286,216,331,6,91,343,57
1146,0,95,28,158,-46,125,4,80,321,16
1147,0,113,26,84,-182,52,4,73,132,17
1148,0,104,22,190,-132,117,9,68,297,39
1149,0,81,29,241,101,302,48,61,628,185
1150,0,106,22,172,-140,48,11,45,114,39
1151,0,128,27,175,-148,126,2,115,285,8
1152,0,125,21,174,-209,150,6,91,394,24
1153,0,124,25,169,-144,127,10,78,304,44
1154,0,133,25,130,-193,94,6,88,230,23
1155,0,111,20,195,-209,139,7,86,362,26
1156,0,135,39,80,-92,123,3,101,339,12
1157,0,105,52,270,214,444,3,97,749,22
1158,0,135,30,190,-74,123,3,97,293,12
1159,0,112,56,251,184,369,7,98,770,47
1160,0,124,28,169,-121,137,4,97,321,16
1161,0,151,40,72,-107,104,2,109,276,7
1162,0,130,46,259,261,271,0,135,115,6
1163,0,155,25,135,-281,137,4,101,338,16
1164,0,106,22,175,-139,47,11,44,112,40
1165,0,115,25,156,-122,44,6,52,102,24
1166,0,95,29,213,42,212,61,42,503,203
1167,0,122,54,243,178,381,7,88,687,64
1168,0,70,25,250,72,211,11,82,503,36
1169,0,112,39,271,182,279,1,115,215,23
1170,0,136,31,112,-171,64,1,109,153,5
1171,0,145,40,73,-101,126,3,95,342,13
1172,0,140,39,299,187,192,6,111,260,70
1173,0,96,20,206,-97,19,8,21,44,38
1174,0,75,25,244,74,262,44,48,674,195
1175,0,162,32,256,26,9,0,133,18,0
1176,0,150,32,208,-78,26,1,97,66,3
1177,0,104,43,289,202,311,2,94,753,30
1178,0,142,25,141,-208,102,2,111,249,9
1179,0,128,24,81,-290,153,8,85,361,30
1180,0,135,41,292,241,185,1,157,199,10
1181,0,68,25,267,89,208,19,73,558,61
1182,0,119,28,264,-18,157,5,113,339,18
1183,0,93,30,217,79,295,58,52,615,208
1184,0,107,22,168,-138,46,14,38,114,49
1185,0,84,29,234,64,199,28,57,474,92
1186,0,136,34,163,-55,100,2,86,242,9
1187,0,71,25,222,54,184,22,58,490,72
1188,0,129,21,172,-215,144,4,98,340,18
1189,0,143,24,162,-207,119,4,110,287,14
1190,0,145,31,211,-69,18,1,106,40,3
1191,0,122,52,255,198,340,8,87,435,38
1192,0,115,26,99,-170,44,3,77,109,13
1193,0,76,21,224,-29,171,7,100,393,26
1194,0,101,22,79,209,21,6,27,38,41
1195,0,64,24,203,116,221,41,50,517,174
1196,0,74,23,209,79,213,50,40,580,205
1197,0,73,32,275,153,239,34,66,679,136
1198,0,110,25,94,216,27,5,39,34,49
1199,0,142,39,64,-125,109,2,106,288,9
1200,0,84,33,186,36,192,15,78,555,45
1201,0,139,27,166,-179,30,3,67,70,10
1202,0,144,39,58,-136,99,1,108,253,8
1203,0,135,27,136,-165,102,6,99,235,20
1204,0,107,21,193,-72,50,10,44,112,45
1205,0,143,29,209,-111,28,1,102,68,3
1206,0,79,27,180,66,341,48,52,712,244
1207,0,125,24,215,-134,188,7,98,453,22
1208,0,129,27,191,-127,55,1,110,135,5
1209,0,162,32,262,25,5,0,79,11,1
1210,0,124,26,217,-103,130,2,110,303,7
1211,0,126,23,205,-175,168,5,101,388,18
1212,0,131,25,209,-151,36,1,117,85,3
1213,0,116,30,179,-50,97,2,86,233,9
1214,0,147,31,191,-96,22,1,106,47,3
1215,0,124,23,147,-201,105,4,107,269,14
1216,0,87,25,269,60,182,32,52,462,121
1217,0,142,38,24,-174,52,1,109,127,3
1218,0,113,41,281,195,300,2,108,267,27
1219,0,115,22,217,-141,180,4,107,406,14
1220,0,137,37,85,-111,107,2,91,290,8
1221,0,160,36,163,-92,8,0,97,22,0
1222,0,101,23,186,-117,128,7,74,315,31
1223,0,80,25,210,85,142,31,45,321,117
1224,0,144,36,49,-169,34,0,112,81,3
1225,0,76,29,202,45,309,12,90,744,43
1226,0,158,45,115,-49,145,4,86,404,17
1227,0,78,46,267,217,235,6,90,219,77
1228,0,112,25,89,209,34,14,27,57,58
1229,0,152,28,295,-7,5,0,75,12,2
1230,0,142,30,190,-98,32,0,116,73,2
1231,0,128,22,106,-302,103,10,68,253,38
1232,0,79,29,250,80,207,15,74,559,55
1233,0,143,26,214,-157,36,1,100,89,4
1234,0,78,43,267,196,349,33,65,670,122
1235,0,142,33,135,-113,28,1,93,72,4
1236,0,131,26,214,-119,29,1,108,70,3
1237,0,102,24,115,-180,51,1,104,140,3
1238,0,143,29,203,-94,29,0,118,67,2
1239,0,136,46,86,-55,216,3,102,568,13
1240,0,78,25,201,54,224,41,50,509,158
1241,0,161,32,254,-4,7,0,118,17,0
1242,0,123,41,258,165,179,1,139,68,7
1243,0,132,29,186,-107,118,3,104,288,11
1244,0,136,25,71,-310,103,3,101,249,12
1245,0,124,24,207,-99,22,5,37,55,20
1246,0,101,26,269,26,167,6,120,351,20
1247,0,131,33,157,-61,99,2,88,235,9
1248,0,116,27,74,187,55,13,43,65,71
1249,0,127,31,91,-164,49,1,94,125,5
1250,0,78,31,271,143,238,36,62,632,157
1251,0,79,25,215,88,248,43,57,470,194
1252,0,117,27,217,-79,186,3,115,429,10
1253,0,130,29,104,-183,51,1,99,130,5
1254,0,131,26,172,-141,100,2,105,235,9
1255,0,121,24,162,-156,77,10,63,211,41
1256,0,121,23,173,-158,96,5,91,235,22
1257,0,157,26,135,-277,133,4,104,323,16
1258,0,68,25,217,73,324,83,45,767,276
1259,0,145,42,64,-97,83,0,149,182,1
1260,0,95,43,283,198,500,3,85,1067,36
1261,0,105,42,289,196,308,4,85,537,37
1262,0,128,22,167,-196,90,3,111,233,10
1263,0,124,27,118,-159,35,0,92,84,4
1264,0,154,26,167,-239,140,3,107,331,13
1265,0,129,30,120,-157,38,1,92,102,4
1266,0,116,46,58,-25,93,4,77,214,62
1267,0,128,29,167,-110,127,4,104,312,13
1268,0,107,20,200,-190,133,7,83,339,26
1269,0,135,29,187,-95,110,3,103,267,12
1270,0,76,32,262,132,293,39,66,838,184
1271,0,139,38,62,-127,82,1,116,206,5
1272,0,147,44,137,-25,110,0,125,281,2
1273,0,136,24,189,-183,75,3,107,173,9
1274,0,106,26,257,-15,195,4,126,421,15
1275,0,136,25,135,-249,111,3,113,268,10
1276,0,130,22,179,-228,152,6,97,399,21
1277,0,130,25,209,-149,34,1,111,81,3
1278,0,123,53,264,202,416,9,92,503,42
1279,0,118,29,235,-8,125,5,87,281,16
1280,0,120,20,136,-286,181,9,88,477,34
1281,0,120,29,216,-44,338,23,90,760,78
1282,0,81,39,276,168,310,18,79,849,79
1283,0,122,47,149,28,250,5,100,649,17
1284,0,125,23,152,-196,101,4,106,258,15
1285,0,98,24,-65,-42,41,12,35,64,63
1286,0,130,21,177,-213,139,5,94,340,20
1287,0,117,27,55,-191,13,0,84,31,3
1288,0,64,33,286,171,301,18,74,742,80
1289,0,146,25,166,-193,117,2,115,268,10
1290,0,114,31,239,29,278,20,79,712,83
1291,0,124,24,175,-67,43,20,24,99,78
1292,0,122,25,131,-207,181,13,81,439,50
1293,0,87,34,246,152,235,36,61,563,139
1294,0,141,39,52,-132,47,1,112,110,9
1295,0,138,21,169,-231,145,6,90,355,25
1296,0,106,21,195,-139,47,10,45,108,39
1297,0,119,39,246,160,356,2,119,225,44
1298,0,139,29,212,-101,24,0,102,60,0
1299,0,149,44,90,-61,78,0,128,193,1
1300,0,136,28,196,-129,130,1,126,296,4
1301,0,81,26,234,81,260,39,47,605,189
1302,0,115,23,182,-131,41,10,42,94,33
1303,0,124,25,153,-147,45,22,24,103,90
1304,0,129,23,181,-208,171,5,100,425,19
1305,0,135,27,197,-111,34,1,101,84,4
1306,0,132,39,299,286,238,2,140,235,27
1307,0,79,26,220,63,289,41,47,609,213
1308,0,122,25,164,-126,46,16,32,110,56
1309,0,153,30,169,-160,34,1,119,78,3
1310,0,76,27,228,64,175,19,65,488,63
1311,0,105,21,191,-139,49,12,41,119,46
1312,0,132,30,124,-158,91,2,107,228,8
1313,0,135,24,187,-178,68,3,106,167,9
1314,0,141,36,37,-172,36,0,117,85,2
1315,0,155,43,96,-73,136,4,81,382,19
1316,0,142,29,204,-117,29,1,98,74,3
1317,0,114,27,62,-89,9,1,60,22,4
1318,0,138,39,47,-130,118,3,93,321,14
1319,0,132,22,176,-251,122,3,97,303,14
1320,0,81,24,256,75,216,32,53,486,132
1321,0,108,46,173,62,239,9,91,611,36
1322,0,134,39,94,-82,122,4,99,342,14
1323,0,147,28,117,-213,69,1,111,168,6
1324,0,131,25,179,-181,64,2,111,157,6
1325,0,135,38,47,-136,111,4,100,298,13
1326,0,120,23,124,-211,100,7,83,242,36
1327,0,151,30,245,-34,9,1,67,22,3
1328,0,137,23,180,-226,138,3,107,330,12
1329,0,70,26,244,75,372,15,96,887,55
1330,0,59,29,225,150,410,145,31,839,488
1331,0,84,23,-29,-51,49,9,44,85,72
1332,0,126,49,160,39,227,3,102,588,12
1333,0,126,29,228,-61,171,3,122,374,11
1334,0,76,24,204,57,220,44,48,442,177
1335,0,77,25,185,61,266,53,47,552,236
1336,0,141,39,69,-113,87,1,116,222,5
